The system is: Linux - 3.10.0-1160.119.1.el7.x86_64 - x86_64
Compiling the C compiler identification source file "CMakeCCompilerId.c" succeeded.
Compiler: /cvmfs/sft.cern.ch/lcg/releases/gcc/8.3.0-cebb0/x86_64-centos7/bin/gcc 
Build flags: 
Id flags:  

The output was:
0


Compilation of the C compiler identification source "CMakeCCompilerId.c" produced "a.out"

The C compiler identification is GNU, found in "/u/user/changhui/work/BICtest/DRsim/CMakeFiles/3.14.2/CompilerIdC/a.out"

Compiling the CXX compiler identification source file "CMakeCXXCompilerId.cpp" succeeded.
Compiler: /cvmfs/sft.cern.ch/lcg/releases/gcc/8.3.0-cebb0/x86_64-centos7/bin/g++ 
Build flags: 
Id flags:  

The output was:
0


Compilation of the CXX compiler identification source "CMakeCXXCompilerId.cpp" produced "a.out"

The CXX compiler identification is GNU, found in "/u/user/changhui/work/BICtest/DRsim/CMakeFiles/3.14.2/CompilerIdCXX/a.out"

Determining if the C compiler works passed with the following output:
Change Dir: /u/user/changhui/work/BICtest/DRsim/CMakeFiles/CMakeTmp

Run Build Command(s):/usr/bin/gmake cmTC_4d4cf/fast 
/usr/bin/gmake -f CMakeFiles/cmTC_4d4cf.dir/build.make CMakeFiles/cmTC_4d4cf.dir/build
gmake[1]: Entering directory `/u/user/changhui/work/BICtest/DRsim/CMakeFiles/CMakeTmp'
Building C object CMakeFiles/cmTC_4d4cf.dir/testCCompiler.c.o
/cvmfs/sft.cern.ch/lcg/releases/gcc/8.3.0-cebb0/x86_64-centos7/bin/gcc    -o CMakeFiles/cmTC_4d4cf.dir/testCCompiler.c.o   -c /u/user/changhui/work/BICtest/DRsim/CMakeFiles/CMakeTmp/testCCompiler.c
Linking C executable cmTC_4d4cf
/cvmfs/sft.cern.ch/lcg/contrib/CMake/3.14.2/Linux-x86_64/bin/cmake -E cmake_link_script CMakeFiles/cmTC_4d4cf.dir/link.txt --verbose=1
/cvmfs/sft.cern.ch/lcg/releases/gcc/8.3.0-cebb0/x86_64-centos7/bin/gcc      CMakeFiles/cmTC_4d4cf.dir/testCCompiler.c.o  -o cmTC_4d4cf 
gmake[1]: Leaving directory `/u/user/changhui/work/BICtest/DRsim/CMakeFiles/CMakeTmp'


Detecting C compiler ABI info compiled with the following output:
Change Dir: /u/user/changhui/work/BICtest/DRsim/CMakeFiles/CMakeTmp

Run Build Command(s):/usr/bin/gmake cmTC_4ea61/fast 
/usr/bin/gmake -f CMakeFiles/cmTC_4ea61.dir/build.make CMakeFiles/cmTC_4ea61.dir/build
gmake[1]: Entering directory `/u/user/changhui/work/BICtest/DRsim/CMakeFiles/CMakeTmp'
Building C object CMakeFiles/cmTC_4ea61.dir/CMakeCCompilerABI.c.o
/cvmfs/sft.cern.ch/lcg/releases/gcc/8.3.0-cebb0/x86_64-centos7/bin/gcc   -v -o CMakeFiles/cmTC_4ea61.dir/CMakeCCompilerABI.c.o   -c /cvmfs/sft.cern.ch/lcg/contrib/CMake/3.14.2/Linux-x86_64/share/cmake-3.14/Modules/CMakeCCompilerABI.c
Using built-in specs.
COLLECT_GCC=/cvmfs/sft.cern.ch/lcg/releases/gcc/8.3.0-cebb0/x86_64-centos7/bin/gcc
Target: x86_64-pc-linux-gnu
Configured with: /tmp/dkonst/build/contrib/gcc-8.3.0/src/gcc/8.3.0/configure --prefix=/tmp/dkonst/lcgcmake-install/gcc/8.3.0/x86_64-centos7 -with-system-zlib --disable-multilib --enable-languages=all --with-gnu-ld --with-ld=/tmp/dkonst/lcgcmake-install/binutils/2.30/x86_64-centos7/bin/ld --with-gnu-as --with-as=/tmp/dkonst/lcgcmake-install/binutils/2.30/x86_64-centos7/bin/as
Thread model: posix
gcc version 8.3.0 (GCC) 
COLLECT_GCC_OPTIONS='-v' '-o' 'CMakeFiles/cmTC_4ea61.dir/CMakeCCompilerABI.c.o' '-c' '-mtune=generic' '-march=x86-64'
 /cvmfs/sft.cern.ch/lcg/releases/gcc/8.3.0-cebb0/x86_64-centos7/bin/../libexec/gcc/x86_64-pc-linux-gnu/8.3.0/cc1 -quiet -v -iprefix /cvmfs/sft.cern.ch/lcg/releases/gcc/8.3.0-cebb0/x86_64-centos7/bin/../lib/gcc/x86_64-pc-linux-gnu/8.3.0/ -isystem /cvmfs/sft.cern.ch/lcg/releases/gcc/8.3.0-cebb0/x86_64-centos7/include /cvmfs/sft.cern.ch/lcg/contrib/CMake/3.14.2/Linux-x86_64/share/cmake-3.14/Modules/CMakeCCompilerABI.c -quiet -dumpbase CMakeCCompilerABI.c -mtune=generic -march=x86-64 -auxbase-strip CMakeFiles/cmTC_4ea61.dir/CMakeCCompilerABI.c.o -version -o /tmp/ccKu7XoD.s
GNU C17 (GCC) version 8.3.0 (x86_64-pc-linux-gnu)
	compiled by GNU C version 8.3.0, GMP version 6.1.0, MPFR version 3.1.4, MPC version 1.0.3, isl version isl-0.18-GMP

GGC heuristics: --param ggc-min-expand=100 --param ggc-min-heapsize=131072
ignoring nonexistent directory "/cvmfs/sft.cern.ch/lcg/releases/gcc/8.3.0-cebb0/x86_64-centos7/bin/../lib/gcc/x86_64-pc-linux-gnu/8.3.0/../../../../x86_64-pc-linux-gnu/include"
ignoring duplicate directory "/cvmfs/sft.cern.ch/lcg/releases/gcc/8.3.0-cebb0/x86_64-centos7/bin/../lib/gcc/../../lib/gcc/x86_64-pc-linux-gnu/8.3.0/include"
ignoring duplicate directory "/cvmfs/sft.cern.ch/lcg/releases/gcc/8.3.0-cebb0/x86_64-centos7/bin/../lib/gcc/../../include"
ignoring duplicate directory "/cvmfs/sft.cern.ch/lcg/releases/gcc/8.3.0-cebb0/x86_64-centos7/bin/../lib/gcc/../../lib/gcc/x86_64-pc-linux-gnu/8.3.0/include-fixed"
ignoring nonexistent directory "/cvmfs/sft.cern.ch/lcg/releases/gcc/8.3.0-cebb0/x86_64-centos7/bin/../lib/gcc/../../lib/gcc/x86_64-pc-linux-gnu/8.3.0/../../../../x86_64-pc-linux-gnu/include"
#include "..." search starts here:
#include <...> search starts here:
 /cvmfs/sft.cern.ch/lcg/releases/gcc/8.3.0-cebb0/x86_64-centos7/include
 /cvmfs/sft.cern.ch/lcg/releases/LCG_96b/Boost/1.70.0/x86_64-centos7-gcc8-opt/include
 .
 /cvmfs/sft.cern.ch/lcg/releases/gcc/8.3.0-cebb0/x86_64-centos7/bin/../lib/gcc/x86_64-pc-linux-gnu/8.3.0/include
 /cvmfs/sft.cern.ch/lcg/releases/gcc/8.3.0-cebb0/x86_64-centos7/bin/../lib/gcc/x86_64-pc-linux-gnu/8.3.0/include-fixed
 /usr/local/include
 /usr/include
End of search list.
GNU C17 (GCC) version 8.3.0 (x86_64-pc-linux-gnu)
	compiled by GNU C version 8.3.0, GMP version 6.1.0, MPFR version 3.1.4, MPC version 1.0.3, isl version isl-0.18-GMP

GGC heuristics: --param ggc-min-expand=100 --param ggc-min-heapsize=131072
Compiler executable checksum: b475cb7e86774771f388e9a917a216d2
COLLECT_GCC_OPTIONS='-v' '-o' 'CMakeFiles/cmTC_4ea61.dir/CMakeCCompilerABI.c.o' '-c' '-mtune=generic' '-march=x86-64'
 as -v --64 -o CMakeFiles/cmTC_4ea61.dir/CMakeCCompilerABI.c.o /tmp/ccKu7XoD.s
GNU assembler version 2.30 (x86_64-pc-linux-gnu) using BFD version (GNU Binutils) 2.30
COMPILER_PATH=/cvmfs/sft.cern.ch/lcg/releases/gcc/8.3.0-cebb0/x86_64-centos7/bin/../libexec/gcc/x86_64-pc-linux-gnu/8.3.0/:/cvmfs/sft.cern.ch/lcg/releases/gcc/8.3.0-cebb0/x86_64-centos7/bin/../libexec/gcc/:/cvmfs/sft.cern.ch/lcg/releases/gcc/8.3.0-cebb0/x86_64-centos7/
LIBRARY_PATH=/cvmfs/sft.cern.ch/lcg/releases/gcc/8.3.0-cebb0/x86_64-centos7/bin/../lib/gcc/x86_64-pc-linux-gnu/8.3.0/:/cvmfs/sft.cern.ch/lcg/releases/gcc/8.3.0-cebb0/x86_64-centos7/bin/../lib/gcc/:/cvmfs/sft.cern.ch/lcg/releases/gcc/8.3.0-cebb0/x86_64-centos7/bin/../lib/gcc/x86_64-pc-linux-gnu/8.3.0/../../../../lib64/:/lib/../lib64/:/usr/lib/../lib64/:/cvmfs/sft.cern.ch/lcg/releases/gcc/8.3.0-cebb0/x86_64-centos7/bin/../lib/gcc/x86_64-pc-linux-gnu/8.3.0/../../../:/lib/:/usr/lib/
COLLECT_GCC_OPTIONS='-v' '-o' 'CMakeFiles/cmTC_4ea61.dir/CMakeCCompilerABI.c.o' '-c' '-mtune=generic' '-march=x86-64'
Linking C executable cmTC_4ea61
/cvmfs/sft.cern.ch/lcg/contrib/CMake/3.14.2/Linux-x86_64/bin/cmake -E cmake_link_script CMakeFiles/cmTC_4ea61.dir/link.txt --verbose=1
/cvmfs/sft.cern.ch/lcg/releases/gcc/8.3.0-cebb0/x86_64-centos7/bin/gcc     -v CMakeFiles/cmTC_4ea61.dir/CMakeCCompilerABI.c.o  -o cmTC_4ea61 
Using built-in specs.
COLLECT_GCC=/cvmfs/sft.cern.ch/lcg/releases/gcc/8.3.0-cebb0/x86_64-centos7/bin/gcc
COLLECT_LTO_WRAPPER=/cvmfs/sft.cern.ch/lcg/releases/gcc/8.3.0-cebb0/x86_64-centos7/bin/../libexec/gcc/x86_64-pc-linux-gnu/8.3.0/lto-wrapper
Target: x86_64-pc-linux-gnu
Configured with: /tmp/dkonst/build/contrib/gcc-8.3.0/src/gcc/8.3.0/configure --prefix=/tmp/dkonst/lcgcmake-install/gcc/8.3.0/x86_64-centos7 -with-system-zlib --disable-multilib --enable-languages=all --with-gnu-ld --with-ld=/tmp/dkonst/lcgcmake-install/binutils/2.30/x86_64-centos7/bin/ld --with-gnu-as --with-as=/tmp/dkonst/lcgcmake-install/binutils/2.30/x86_64-centos7/bin/as
Thread model: posix
gcc version 8.3.0 (GCC) 
COMPILER_PATH=/cvmfs/sft.cern.ch/lcg/releases/gcc/8.3.0-cebb0/x86_64-centos7/bin/../libexec/gcc/x86_64-pc-linux-gnu/8.3.0/:/cvmfs/sft.cern.ch/lcg/releases/gcc/8.3.0-cebb0/x86_64-centos7/bin/../libexec/gcc/:/cvmfs/sft.cern.ch/lcg/releases/gcc/8.3.0-cebb0/x86_64-centos7/
LIBRARY_PATH=/cvmfs/sft.cern.ch/lcg/releases/gcc/8.3.0-cebb0/x86_64-centos7/bin/../lib/gcc/x86_64-pc-linux-gnu/8.3.0/:/cvmfs/sft.cern.ch/lcg/releases/gcc/8.3.0-cebb0/x86_64-centos7/bin/../lib/gcc/:/cvmfs/sft.cern.ch/lcg/releases/gcc/8.3.0-cebb0/x86_64-centos7/bin/../lib/gcc/x86_64-pc-linux-gnu/8.3.0/../../../../lib64/:/lib/../lib64/:/usr/lib/../lib64/:/cvmfs/sft.cern.ch/lcg/releases/gcc/8.3.0-cebb0/x86_64-centos7/bin/../lib/gcc/x86_64-pc-linux-gnu/8.3.0/../../../:/lib/:/usr/lib/
COLLECT_GCC_OPTIONS='-v' '-o' 'cmTC_4ea61' '-mtune=generic' '-march=x86-64'
 /cvmfs/sft.cern.ch/lcg/releases/gcc/8.3.0-cebb0/x86_64-centos7/bin/../libexec/gcc/x86_64-pc-linux-gnu/8.3.0/collect2 -plugin /cvmfs/sft.cern.ch/lcg/releases/gcc/8.3.0-cebb0/x86_64-centos7/bin/../libexec/gcc/x86_64-pc-linux-gnu/8.3.0/liblto_plugin.so -plugin-opt=/cvmfs/sft.cern.ch/lcg/releases/gcc/8.3.0-cebb0/x86_64-centos7/bin/../libexec/gcc/x86_64-pc-linux-gnu/8.3.0/lto-wrapper -plugin-opt=-fresolution=/tmp/ccFcfBZf.res -plugin-opt=-pass-through=-lgcc -plugin-opt=-pass-through=-lgcc_s -plugin-opt=-pass-through=-lc -plugin-opt=-pass-through=-lgcc -plugin-opt=-pass-through=-lgcc_s --eh-frame-hdr -m elf_x86_64 -dynamic-linker /lib64/ld-linux-x86-64.so.2 -o cmTC_4ea61 /lib/../lib64/crt1.o /lib/../lib64/crti.o /cvmfs/sft.cern.ch/lcg/releases/gcc/8.3.0-cebb0/x86_64-centos7/bin/../lib/gcc/x86_64-pc-linux-gnu/8.3.0/crtbegin.o -L/cvmfs/sft.cern.ch/lcg/releases/gcc/8.3.0-cebb0/x86_64-centos7/bin/../lib/gcc/x86_64-pc-linux-gnu/8.3.0 -L/cvmfs/sft.cern.ch/lcg/releases/gcc/8.3.0-cebb0/x86_64-centos7/bin/../lib/gcc -L/cvmfs/sft.cern.ch/lcg/releases/gcc/8.3.0-cebb0/x86_64-centos7/bin/../lib/gcc/x86_64-pc-linux-gnu/8.3.0/../../../../lib64 -L/lib/../lib64 -L/usr/lib/../lib64 -L/cvmfs/sft.cern.ch/lcg/releases/gcc/8.3.0-cebb0/x86_64-centos7/bin/../lib/gcc/x86_64-pc-linux-gnu/8.3.0/../../.. CMakeFiles/cmTC_4ea61.dir/CMakeCCompilerABI.c.o -lgcc --as-needed -lgcc_s --no-as-needed -lc -lgcc --as-needed -lgcc_s --no-as-needed /cvmfs/sft.cern.ch/lcg/releases/gcc/8.3.0-cebb0/x86_64-centos7/bin/../lib/gcc/x86_64-pc-linux-gnu/8.3.0/crtend.o /lib/../lib64/crtn.o
COLLECT_GCC_OPTIONS='-v' '-o' 'cmTC_4ea61' '-mtune=generic' '-march=x86-64'
gmake[1]: Leaving directory `/u/user/changhui/work/BICtest/DRsim/CMakeFiles/CMakeTmp'


Parsed C implicit include dir info from above output: rv=done
  found start of include info
  found start of implicit include info
    add: [/cvmfs/sft.cern.ch/lcg/releases/gcc/8.3.0-cebb0/x86_64-centos7/include]
    add: [/cvmfs/sft.cern.ch/lcg/releases/LCG_96b/Boost/1.70.0/x86_64-centos7-gcc8-opt/include]
    add: [.]
    add: [/cvmfs/sft.cern.ch/lcg/releases/gcc/8.3.0-cebb0/x86_64-centos7/bin/../lib/gcc/x86_64-pc-linux-gnu/8.3.0/include]
    add: [/cvmfs/sft.cern.ch/lcg/releases/gcc/8.3.0-cebb0/x86_64-centos7/bin/../lib/gcc/x86_64-pc-linux-gnu/8.3.0/include-fixed]
    add: [/usr/local/include]
    add: [/usr/include]
  end of search list found
  collapse include dir [/cvmfs/sft.cern.ch/lcg/releases/gcc/8.3.0-cebb0/x86_64-centos7/include] ==> [/cvmfs/sft.cern.ch/lcg/releases/gcc/8.3.0-cebb0/x86_64-centos7/include]
  collapse include dir [/cvmfs/sft.cern.ch/lcg/releases/LCG_96b/Boost/1.70.0/x86_64-centos7-gcc8-opt/include] ==> [/cvmfs/sft.cern.ch/lcg/releases/LCG_96b/Boost/1.70.0/x86_64-centos7-gcc8-opt/include]
  skipping relative include dir [.]
  collapse include dir [/cvmfs/sft.cern.ch/lcg/releases/gcc/8.3.0-cebb0/x86_64-centos7/bin/../lib/gcc/x86_64-pc-linux-gnu/8.3.0/include] ==> [/cvmfs/sft.cern.ch/lcg/releases/gcc/8.3.0-cebb0/x86_64-centos7/lib/gcc/x86_64-pc-linux-gnu/8.3.0/include]
  collapse include dir [/cvmfs/sft.cern.ch/lcg/releases/gcc/8.3.0-cebb0/x86_64-centos7/bin/../lib/gcc/x86_64-pc-linux-gnu/8.3.0/include-fixed] ==> [/cvmfs/sft.cern.ch/lcg/releases/gcc/8.3.0-cebb0/x86_64-centos7/lib/gcc/x86_64-pc-linux-gnu/8.3.0/include-fixed]
  collapse include dir [/usr/local/include] ==> [/usr/local/include]
  collapse include dir [/usr/include] ==> [/usr/include]
  implicit include dirs: [/cvmfs/sft.cern.ch/lcg/releases/gcc/8.3.0-cebb0/x86_64-centos7/include;/cvmfs/sft.cern.ch/lcg/releases/LCG_96b/Boost/1.70.0/x86_64-centos7-gcc8-opt/include;/cvmfs/sft.cern.ch/lcg/releases/gcc/8.3.0-cebb0/x86_64-centos7/lib/gcc/x86_64-pc-linux-gnu/8.3.0/include;/cvmfs/sft.cern.ch/lcg/releases/gcc/8.3.0-cebb0/x86_64-centos7/lib/gcc/x86_64-pc-linux-gnu/8.3.0/include-fixed;/usr/local/include;/usr/include]


Parsed C implicit link information from above output:
  link line regex: [^( *|.*[/\])(ld|CMAKE_LINK_STARTFILE-NOTFOUND|([^/\]+-)?ld|collect2)[^/\]*( |$)]
  ignore line: [Change Dir: /u/user/changhui/work/BICtest/DRsim/CMakeFiles/CMakeTmp]
  ignore line: []
  ignore line: [Run Build Command(s):/usr/bin/gmake cmTC_4ea61/fast ]
  ignore line: [/usr/bin/gmake -f CMakeFiles/cmTC_4ea61.dir/build.make CMakeFiles/cmTC_4ea61.dir/build]
  ignore line: [gmake[1]: Entering directory `/u/user/changhui/work/BICtest/DRsim/CMakeFiles/CMakeTmp']
  ignore line: [Building C object CMakeFiles/cmTC_4ea61.dir/CMakeCCompilerABI.c.o]
  ignore line: [/cvmfs/sft.cern.ch/lcg/releases/gcc/8.3.0-cebb0/x86_64-centos7/bin/gcc   -v -o CMakeFiles/cmTC_4ea61.dir/CMakeCCompilerABI.c.o   -c /cvmfs/sft.cern.ch/lcg/contrib/CMake/3.14.2/Linux-x86_64/share/cmake-3.14/Modules/CMakeCCompilerABI.c]
  ignore line: [Using built-in specs.]
  ignore line: [COLLECT_GCC=/cvmfs/sft.cern.ch/lcg/releases/gcc/8.3.0-cebb0/x86_64-centos7/bin/gcc]
  ignore line: [Target: x86_64-pc-linux-gnu]
  ignore line: [Configured with: /tmp/dkonst/build/contrib/gcc-8.3.0/src/gcc/8.3.0/configure --prefix=/tmp/dkonst/lcgcmake-install/gcc/8.3.0/x86_64-centos7 -with-system-zlib --disable-multilib --enable-languages=all --with-gnu-ld --with-ld=/tmp/dkonst/lcgcmake-install/binutils/2.30/x86_64-centos7/bin/ld --with-gnu-as --with-as=/tmp/dkonst/lcgcmake-install/binutils/2.30/x86_64-centos7/bin/as]
  ignore line: [Thread model: posix]
  ignore line: [gcc version 8.3.0 (GCC) ]
  ignore line: [COLLECT_GCC_OPTIONS='-v' '-o' 'CMakeFiles/cmTC_4ea61.dir/CMakeCCompilerABI.c.o' '-c' '-mtune=generic' '-march=x86-64']
  ignore line: [ /cvmfs/sft.cern.ch/lcg/releases/gcc/8.3.0-cebb0/x86_64-centos7/bin/../libexec/gcc/x86_64-pc-linux-gnu/8.3.0/cc1 -quiet -v -iprefix /cvmfs/sft.cern.ch/lcg/releases/gcc/8.3.0-cebb0/x86_64-centos7/bin/../lib/gcc/x86_64-pc-linux-gnu/8.3.0/ -isystem /cvmfs/sft.cern.ch/lcg/releases/gcc/8.3.0-cebb0/x86_64-centos7/include /cvmfs/sft.cern.ch/lcg/contrib/CMake/3.14.2/Linux-x86_64/share/cmake-3.14/Modules/CMakeCCompilerABI.c -quiet -dumpbase CMakeCCompilerABI.c -mtune=generic -march=x86-64 -auxbase-strip CMakeFiles/cmTC_4ea61.dir/CMakeCCompilerABI.c.o -version -o /tmp/ccKu7XoD.s]
  ignore line: [GNU C17 (GCC) version 8.3.0 (x86_64-pc-linux-gnu)]
  ignore line: [	compiled by GNU C version 8.3.0, GMP version 6.1.0, MPFR version 3.1.4, MPC version 1.0.3, isl version isl-0.18-GMP]
  ignore line: []
  ignore line: [GGC heuristics: --param ggc-min-expand=100 --param ggc-min-heapsize=131072]
  ignore line: [ignoring nonexistent directory "/cvmfs/sft.cern.ch/lcg/releases/gcc/8.3.0-cebb0/x86_64-centos7/bin/../lib/gcc/x86_64-pc-linux-gnu/8.3.0/../../../../x86_64-pc-linux-gnu/include"]
  ignore line: [ignoring duplicate directory "/cvmfs/sft.cern.ch/lcg/releases/gcc/8.3.0-cebb0/x86_64-centos7/bin/../lib/gcc/../../lib/gcc/x86_64-pc-linux-gnu/8.3.0/include"]
  ignore line: [ignoring duplicate directory "/cvmfs/sft.cern.ch/lcg/releases/gcc/8.3.0-cebb0/x86_64-centos7/bin/../lib/gcc/../../include"]
  ignore line: [ignoring duplicate directory "/cvmfs/sft.cern.ch/lcg/releases/gcc/8.3.0-cebb0/x86_64-centos7/bin/../lib/gcc/../../lib/gcc/x86_64-pc-linux-gnu/8.3.0/include-fixed"]
  ignore line: [ignoring nonexistent directory "/cvmfs/sft.cern.ch/lcg/releases/gcc/8.3.0-cebb0/x86_64-centos7/bin/../lib/gcc/../../lib/gcc/x86_64-pc-linux-gnu/8.3.0/../../../../x86_64-pc-linux-gnu/include"]
  ignore line: [#include "..." search starts here:]
  ignore line: [#include <...> search starts here:]
  ignore line: [ /cvmfs/sft.cern.ch/lcg/releases/gcc/8.3.0-cebb0/x86_64-centos7/include]
  ignore line: [ /cvmfs/sft.cern.ch/lcg/releases/LCG_96b/Boost/1.70.0/x86_64-centos7-gcc8-opt/include]
  ignore line: [ .]
  ignore line: [ /cvmfs/sft.cern.ch/lcg/releases/gcc/8.3.0-cebb0/x86_64-centos7/bin/../lib/gcc/x86_64-pc-linux-gnu/8.3.0/include]
  ignore line: [ /cvmfs/sft.cern.ch/lcg/releases/gcc/8.3.0-cebb0/x86_64-centos7/bin/../lib/gcc/x86_64-pc-linux-gnu/8.3.0/include-fixed]
  ignore line: [ /usr/local/include]
  ignore line: [ /usr/include]
  ignore line: [End of search list.]
  ignore line: [GNU C17 (GCC) version 8.3.0 (x86_64-pc-linux-gnu)]
  ignore line: [	compiled by GNU C version 8.3.0, GMP version 6.1.0, MPFR version 3.1.4, MPC version 1.0.3, isl version isl-0.18-GMP]
  ignore line: []
  ignore line: [GGC heuristics: --param ggc-min-expand=100 --param ggc-min-heapsize=131072]
  ignore line: [Compiler executable checksum: b475cb7e86774771f388e9a917a216d2]
  ignore line: [COLLECT_GCC_OPTIONS='-v' '-o' 'CMakeFiles/cmTC_4ea61.dir/CMakeCCompilerABI.c.o' '-c' '-mtune=generic' '-march=x86-64']
  ignore line: [ as -v --64 -o CMakeFiles/cmTC_4ea61.dir/CMakeCCompilerABI.c.o /tmp/ccKu7XoD.s]
  ignore line: [GNU assembler version 2.30 (x86_64-pc-linux-gnu) using BFD version (GNU Binutils) 2.30]
  ignore line: [COMPILER_PATH=/cvmfs/sft.cern.ch/lcg/releases/gcc/8.3.0-cebb0/x86_64-centos7/bin/../libexec/gcc/x86_64-pc-linux-gnu/8.3.0/:/cvmfs/sft.cern.ch/lcg/releases/gcc/8.3.0-cebb0/x86_64-centos7/bin/../libexec/gcc/:/cvmfs/sft.cern.ch/lcg/releases/gcc/8.3.0-cebb0/x86_64-centos7/]
  ignore line: [LIBRARY_PATH=/cvmfs/sft.cern.ch/lcg/releases/gcc/8.3.0-cebb0/x86_64-centos7/bin/../lib/gcc/x86_64-pc-linux-gnu/8.3.0/:/cvmfs/sft.cern.ch/lcg/releases/gcc/8.3.0-cebb0/x86_64-centos7/bin/../lib/gcc/:/cvmfs/sft.cern.ch/lcg/releases/gcc/8.3.0-cebb0/x86_64-centos7/bin/../lib/gcc/x86_64-pc-linux-gnu/8.3.0/../../../../lib64/:/lib/../lib64/:/usr/lib/../lib64/:/cvmfs/sft.cern.ch/lcg/releases/gcc/8.3.0-cebb0/x86_64-centos7/bin/../lib/gcc/x86_64-pc-linux-gnu/8.3.0/../../../:/lib/:/usr/lib/]
  ignore line: [COLLECT_GCC_OPTIONS='-v' '-o' 'CMakeFiles/cmTC_4ea61.dir/CMakeCCompilerABI.c.o' '-c' '-mtune=generic' '-march=x86-64']
  ignore line: [Linking C executable cmTC_4ea61]
  ignore line: [/cvmfs/sft.cern.ch/lcg/contrib/CMake/3.14.2/Linux-x86_64/bin/cmake -E cmake_link_script CMakeFiles/cmTC_4ea61.dir/link.txt --verbose=1]
  ignore line: [/cvmfs/sft.cern.ch/lcg/releases/gcc/8.3.0-cebb0/x86_64-centos7/bin/gcc     -v CMakeFiles/cmTC_4ea61.dir/CMakeCCompilerABI.c.o  -o cmTC_4ea61 ]
  ignore line: [Using built-in specs.]
  ignore line: [COLLECT_GCC=/cvmfs/sft.cern.ch/lcg/releases/gcc/8.3.0-cebb0/x86_64-centos7/bin/gcc]
  ignore line: [COLLECT_LTO_WRAPPER=/cvmfs/sft.cern.ch/lcg/releases/gcc/8.3.0-cebb0/x86_64-centos7/bin/../libexec/gcc/x86_64-pc-linux-gnu/8.3.0/lto-wrapper]
  ignore line: [Target: x86_64-pc-linux-gnu]
  ignore line: [Configured with: /tmp/dkonst/build/contrib/gcc-8.3.0/src/gcc/8.3.0/configure --prefix=/tmp/dkonst/lcgcmake-install/gcc/8.3.0/x86_64-centos7 -with-system-zlib --disable-multilib --enable-languages=all --with-gnu-ld --with-ld=/tmp/dkonst/lcgcmake-install/binutils/2.30/x86_64-centos7/bin/ld --with-gnu-as --with-as=/tmp/dkonst/lcgcmake-install/binutils/2.30/x86_64-centos7/bin/as]
  ignore line: [Thread model: posix]
  ignore line: [gcc version 8.3.0 (GCC) ]
  ignore line: [COMPILER_PATH=/cvmfs/sft.cern.ch/lcg/releases/gcc/8.3.0-cebb0/x86_64-centos7/bin/../libexec/gcc/x86_64-pc-linux-gnu/8.3.0/:/cvmfs/sft.cern.ch/lcg/releases/gcc/8.3.0-cebb0/x86_64-centos7/bin/../libexec/gcc/:/cvmfs/sft.cern.ch/lcg/releases/gcc/8.3.0-cebb0/x86_64-centos7/]
  ignore line: [LIBRARY_PATH=/cvmfs/sft.cern.ch/lcg/releases/gcc/8.3.0-cebb0/x86_64-centos7/bin/../lib/gcc/x86_64-pc-linux-gnu/8.3.0/:/cvmfs/sft.cern.ch/lcg/releases/gcc/8.3.0-cebb0/x86_64-centos7/bin/../lib/gcc/:/cvmfs/sft.cern.ch/lcg/releases/gcc/8.3.0-cebb0/x86_64-centos7/bin/../lib/gcc/x86_64-pc-linux-gnu/8.3.0/../../../../lib64/:/lib/../lib64/:/usr/lib/../lib64/:/cvmfs/sft.cern.ch/lcg/releases/gcc/8.3.0-cebb0/x86_64-centos7/bin/../lib/gcc/x86_64-pc-linux-gnu/8.3.0/../../../:/lib/:/usr/lib/]
  ignore line: [COLLECT_GCC_OPTIONS='-v' '-o' 'cmTC_4ea61' '-mtune=generic' '-march=x86-64']
  link line: [ /cvmfs/sft.cern.ch/lcg/releases/gcc/8.3.0-cebb0/x86_64-centos7/bin/../libexec/gcc/x86_64-pc-linux-gnu/8.3.0/collect2 -plugin /cvmfs/sft.cern.ch/lcg/releases/gcc/8.3.0-cebb0/x86_64-centos7/bin/../libexec/gcc/x86_64-pc-linux-gnu/8.3.0/liblto_plugin.so -plugin-opt=/cvmfs/sft.cern.ch/lcg/releases/gcc/8.3.0-cebb0/x86_64-centos7/bin/../libexec/gcc/x86_64-pc-linux-gnu/8.3.0/lto-wrapper -plugin-opt=-fresolution=/tmp/ccFcfBZf.res -plugin-opt=-pass-through=-lgcc -plugin-opt=-pass-through=-lgcc_s -plugin-opt=-pass-through=-lc -plugin-opt=-pass-through=-lgcc -plugin-opt=-pass-through=-lgcc_s --eh-frame-hdr -m elf_x86_64 -dynamic-linker /lib64/ld-linux-x86-64.so.2 -o cmTC_4ea61 /lib/../lib64/crt1.o /lib/../lib64/crti.o /cvmfs/sft.cern.ch/lcg/releases/gcc/8.3.0-cebb0/x86_64-centos7/bin/../lib/gcc/x86_64-pc-linux-gnu/8.3.0/crtbegin.o -L/cvmfs/sft.cern.ch/lcg/releases/gcc/8.3.0-cebb0/x86_64-centos7/bin/../lib/gcc/x86_64-pc-linux-gnu/8.3.0 -L/cvmfs/sft.cern.ch/lcg/releases/gcc/8.3.0-cebb0/x86_64-centos7/bin/../lib/gcc -L/cvmfs/sft.cern.ch/lcg/releases/gcc/8.3.0-cebb0/x86_64-centos7/bin/../lib/gcc/x86_64-pc-linux-gnu/8.3.0/../../../../lib64 -L/lib/../lib64 -L/usr/lib/../lib64 -L/cvmfs/sft.cern.ch/lcg/releases/gcc/8.3.0-cebb0/x86_64-centos7/bin/../lib/gcc/x86_64-pc-linux-gnu/8.3.0/../../.. CMakeFiles/cmTC_4ea61.dir/CMakeCCompilerABI.c.o -lgcc --as-needed -lgcc_s --no-as-needed -lc -lgcc --as-needed -lgcc_s --no-as-needed /cvmfs/sft.cern.ch/lcg/releases/gcc/8.3.0-cebb0/x86_64-centos7/bin/../lib/gcc/x86_64-pc-linux-gnu/8.3.0/crtend.o /lib/../lib64/crtn.o]
    arg [/cvmfs/sft.cern.ch/lcg/releases/gcc/8.3.0-cebb0/x86_64-centos7/bin/../libexec/gcc/x86_64-pc-linux-gnu/8.3.0/collect2] ==> ignore
    arg [-plugin] ==> ignore
    arg [/cvmfs/sft.cern.ch/lcg/releases/gcc/8.3.0-cebb0/x86_64-centos7/bin/../libexec/gcc/x86_64-pc-linux-gnu/8.3.0/liblto_plugin.so] ==> ignore
    arg [-plugin-opt=/cvmfs/sft.cern.ch/lcg/releases/gcc/8.3.0-cebb0/x86_64-centos7/bin/../libexec/gcc/x86_64-pc-linux-gnu/8.3.0/lto-wrapper] ==> ignore
    arg [-plugin-opt=-fresolution=/tmp/ccFcfBZf.res] ==> ignore
    arg [-plugin-opt=-pass-through=-lgcc] ==> ignore
    arg [-plugin-opt=-pass-through=-lgcc_s] ==> ignore
    arg [-plugin-opt=-pass-through=-lc] ==> ignore
    arg [-plugin-opt=-pass-through=-lgcc] ==> ignore
    arg [-plugin-opt=-pass-through=-lgcc_s] ==> ignore
    arg [--eh-frame-hdr] ==> ignore
    arg [-m] ==> ignore
    arg [elf_x86_64] ==> ignore
    arg [-dynamic-linker] ==> ignore
    arg [/lib64/ld-linux-x86-64.so.2] ==> ignore
    arg [-o] ==> ignore
    arg [cmTC_4ea61] ==> ignore
    arg [/lib/../lib64/crt1.o] ==> ignore
    arg [/lib/../lib64/crti.o] ==> ignore
    arg [/cvmfs/sft.cern.ch/lcg/releases/gcc/8.3.0-cebb0/x86_64-centos7/bin/../lib/gcc/x86_64-pc-linux-gnu/8.3.0/crtbegin.o] ==> ignore
    arg [-L/cvmfs/sft.cern.ch/lcg/releases/gcc/8.3.0-cebb0/x86_64-centos7/bin/../lib/gcc/x86_64-pc-linux-gnu/8.3.0] ==> dir [/cvmfs/sft.cern.ch/lcg/releases/gcc/8.3.0-cebb0/x86_64-centos7/bin/../lib/gcc/x86_64-pc-linux-gnu/8.3.0]
    arg [-L/cvmfs/sft.cern.ch/lcg/releases/gcc/8.3.0-cebb0/x86_64-centos7/bin/../lib/gcc] ==> dir [/cvmfs/sft.cern.ch/lcg/releases/gcc/8.3.0-cebb0/x86_64-centos7/bin/../lib/gcc]
    arg [-L/cvmfs/sft.cern.ch/lcg/releases/gcc/8.3.0-cebb0/x86_64-centos7/bin/../lib/gcc/x86_64-pc-linux-gnu/8.3.0/../../../../lib64] ==> dir [/cvmfs/sft.cern.ch/lcg/releases/gcc/8.3.0-cebb0/x86_64-centos7/bin/../lib/gcc/x86_64-pc-linux-gnu/8.3.0/../../../../lib64]
    arg [-L/lib/../lib64] ==> dir [/lib/../lib64]
    arg [-L/usr/lib/../lib64] ==> dir [/usr/lib/../lib64]
    arg [-L/cvmfs/sft.cern.ch/lcg/releases/gcc/8.3.0-cebb0/x86_64-centos7/bin/../lib/gcc/x86_64-pc-linux-gnu/8.3.0/../../..] ==> dir [/cvmfs/sft.cern.ch/lcg/releases/gcc/8.3.0-cebb0/x86_64-centos7/bin/../lib/gcc/x86_64-pc-linux-gnu/8.3.0/../../..]
    arg [CMakeFiles/cmTC_4ea61.dir/CMakeCCompilerABI.c.o] ==> ignore
    arg [-lgcc] ==> lib [gcc]
    arg [--as-needed] ==> ignore
    arg [-lgcc_s] ==> lib [gcc_s]
    arg [--no-as-needed] ==> ignore
    arg [-lc] ==> lib [c]
    arg [-lgcc] ==> lib [gcc]
    arg [--as-needed] ==> ignore
    arg [-lgcc_s] ==> lib [gcc_s]
    arg [--no-as-needed] ==> ignore
    arg [/cvmfs/sft.cern.ch/lcg/releases/gcc/8.3.0-cebb0/x86_64-centos7/bin/../lib/gcc/x86_64-pc-linux-gnu/8.3.0/crtend.o] ==> ignore
    arg [/lib/../lib64/crtn.o] ==> ignore
  collapse library dir [/cvmfs/sft.cern.ch/lcg/releases/gcc/8.3.0-cebb0/x86_64-centos7/bin/../lib/gcc/x86_64-pc-linux-gnu/8.3.0] ==> [/cvmfs/sft.cern.ch/lcg/releases/gcc/8.3.0-cebb0/x86_64-centos7/lib/gcc/x86_64-pc-linux-gnu/8.3.0]
  collapse library dir [/cvmfs/sft.cern.ch/lcg/releases/gcc/8.3.0-cebb0/x86_64-centos7/bin/../lib/gcc] ==> [/cvmfs/sft.cern.ch/lcg/releases/gcc/8.3.0-cebb0/x86_64-centos7/lib/gcc]
  collapse library dir [/cvmfs/sft.cern.ch/lcg/releases/gcc/8.3.0-cebb0/x86_64-centos7/bin/../lib/gcc/x86_64-pc-linux-gnu/8.3.0/../../../../lib64] ==> [/cvmfs/sft.cern.ch/lcg/releases/gcc/8.3.0-cebb0/x86_64-centos7/lib64]
  collapse library dir [/lib/../lib64] ==> [/lib64]
  collapse library dir [/usr/lib/../lib64] ==> [/usr/lib64]
  collapse library dir [/cvmfs/sft.cern.ch/lcg/releases/gcc/8.3.0-cebb0/x86_64-centos7/bin/../lib/gcc/x86_64-pc-linux-gnu/8.3.0/../../..] ==> [/cvmfs/sft.cern.ch/lcg/releases/gcc/8.3.0-cebb0/x86_64-centos7/lib]
  implicit libs: [gcc;gcc_s;c;gcc;gcc_s]
  implicit dirs: [/cvmfs/sft.cern.ch/lcg/releases/gcc/8.3.0-cebb0/x86_64-centos7/lib/gcc/x86_64-pc-linux-gnu/8.3.0;/cvmfs/sft.cern.ch/lcg/releases/gcc/8.3.0-cebb0/x86_64-centos7/lib/gcc;/cvmfs/sft.cern.ch/lcg/releases/gcc/8.3.0-cebb0/x86_64-centos7/lib64;/lib64;/usr/lib64;/cvmfs/sft.cern.ch/lcg/releases/gcc/8.3.0-cebb0/x86_64-centos7/lib]
  implicit fwks: []




Detecting C [-std=c11] compiler features compiled with the following output:
Change Dir: /u/user/changhui/work/BICtest/DRsim/CMakeFiles/CMakeTmp

Run Build Command(s):/usr/bin/gmake cmTC_01786/fast 
/usr/bin/gmake -f CMakeFiles/cmTC_01786.dir/build.make CMakeFiles/cmTC_01786.dir/build
gmake[1]: Entering directory `/u/user/changhui/work/BICtest/DRsim/CMakeFiles/CMakeTmp'
Building C object CMakeFiles/cmTC_01786.dir/feature_tests.c.o
/cvmfs/sft.cern.ch/lcg/releases/gcc/8.3.0-cebb0/x86_64-centos7/bin/gcc   -std=c11 -o CMakeFiles/cmTC_01786.dir/feature_tests.c.o   -c /u/user/changhui/work/BICtest/DRsim/CMakeFiles/feature_tests.c
Linking C executable cmTC_01786
/cvmfs/sft.cern.ch/lcg/contrib/CMake/3.14.2/Linux-x86_64/bin/cmake -E cmake_link_script CMakeFiles/cmTC_01786.dir/link.txt --verbose=1
/cvmfs/sft.cern.ch/lcg/releases/gcc/8.3.0-cebb0/x86_64-centos7/bin/gcc      CMakeFiles/cmTC_01786.dir/feature_tests.c.o  -o cmTC_01786 
gmake[1]: Leaving directory `/u/user/changhui/work/BICtest/DRsim/CMakeFiles/CMakeTmp'


    Feature record: C_FEATURE:1c_function_prototypes
    Feature record: C_FEATURE:1c_restrict
    Feature record: C_FEATURE:1c_static_assert
    Feature record: C_FEATURE:1c_variadic_macros
The system is: Linux - 3.10.0-1160.119.1.el7.x86_64 - x86_64
Compiling the C compiler identification source file "CMakeCCompilerId.c" succeeded.
Compiler: /cvmfs/sft.cern.ch/lcg/releases/gcc/8.3.0-cebb0/x86_64-centos7/bin/gcc 
Build flags: 
Id flags:  

The output was:
0


Compilation of the C compiler identification source "CMakeCCompilerId.c" produced "a.out"

The C compiler identification is GNU, found in "/u/user/changhui/work/BICtest/DRsim/CMakeFiles/3.14.2/CompilerIdC/a.out"

Compiling the CXX compiler identification source file "CMakeCXXCompilerId.cpp" succeeded.
Compiler: /cvmfs/sft.cern.ch/lcg/releases/gcc/8.3.0-cebb0/x86_64-centos7/bin/g++ 
Build flags: 
Id flags:  

The output was:
0


Compilation of the CXX compiler identification source "CMakeCXXCompilerId.cpp" produced "a.out"

The CXX compiler identification is GNU, found in "/u/user/changhui/work/BICtest/DRsim/CMakeFiles/3.14.2/CompilerIdCXX/a.out"

Determining if the C compiler works passed with the following output:
Change Dir: /u/user/changhui/work/BICtest/DRsim/CMakeFiles/CMakeTmp

Run Build Command(s):/usr/bin/gmake cmTC_d4765/fast 
/usr/bin/gmake -f CMakeFiles/cmTC_d4765.dir/build.make CMakeFiles/cmTC_d4765.dir/build
gmake[1]: Entering directory `/u/user/changhui/work/BICtest/DRsim/CMakeFiles/CMakeTmp'
Building C object CMakeFiles/cmTC_d4765.dir/testCCompiler.c.o
/cvmfs/sft.cern.ch/lcg/releases/gcc/8.3.0-cebb0/x86_64-centos7/bin/gcc    -o CMakeFiles/cmTC_d4765.dir/testCCompiler.c.o   -c /u/user/changhui/work/BICtest/DRsim/CMakeFiles/CMakeTmp/testCCompiler.c
Linking C executable cmTC_d4765
/cvmfs/sft.cern.ch/lcg/contrib/CMake/3.14.2/Linux-x86_64/bin/cmake -E cmake_link_script CMakeFiles/cmTC_d4765.dir/link.txt --verbose=1
/cvmfs/sft.cern.ch/lcg/releases/gcc/8.3.0-cebb0/x86_64-centos7/bin/gcc      CMakeFiles/cmTC_d4765.dir/testCCompiler.c.o  -o cmTC_d4765 
gmake[1]: Leaving directory `/u/user/changhui/work/BICtest/DRsim/CMakeFiles/CMakeTmp'


Detecting C compiler ABI info compiled with the following output:
Change Dir: /u/user/changhui/work/BICtest/DRsim/CMakeFiles/CMakeTmp

Run Build Command(s):/usr/bin/gmake cmTC_23145/fast 
/usr/bin/gmake -f CMakeFiles/cmTC_23145.dir/build.make CMakeFiles/cmTC_23145.dir/build
gmake[1]: Entering directory `/u/user/changhui/work/BICtest/DRsim/CMakeFiles/CMakeTmp'
Building C object CMakeFiles/cmTC_23145.dir/CMakeCCompilerABI.c.o
/cvmfs/sft.cern.ch/lcg/releases/gcc/8.3.0-cebb0/x86_64-centos7/bin/gcc   -v -o CMakeFiles/cmTC_23145.dir/CMakeCCompilerABI.c.o   -c /cvmfs/sft.cern.ch/lcg/contrib/CMake/3.14.2/Linux-x86_64/share/cmake-3.14/Modules/CMakeCCompilerABI.c
Using built-in specs.
COLLECT_GCC=/cvmfs/sft.cern.ch/lcg/releases/gcc/8.3.0-cebb0/x86_64-centos7/bin/gcc
Target: x86_64-pc-linux-gnu
Configured with: /tmp/dkonst/build/contrib/gcc-8.3.0/src/gcc/8.3.0/configure --prefix=/tmp/dkonst/lcgcmake-install/gcc/8.3.0/x86_64-centos7 -with-system-zlib --disable-multilib --enable-languages=all --with-gnu-ld --with-ld=/tmp/dkonst/lcgcmake-install/binutils/2.30/x86_64-centos7/bin/ld --with-gnu-as --with-as=/tmp/dkonst/lcgcmake-install/binutils/2.30/x86_64-centos7/bin/as
Thread model: posix
gcc version 8.3.0 (GCC) 
COLLECT_GCC_OPTIONS='-v' '-o' 'CMakeFiles/cmTC_23145.dir/CMakeCCompilerABI.c.o' '-c' '-mtune=generic' '-march=x86-64'
 /cvmfs/sft.cern.ch/lcg/releases/gcc/8.3.0-cebb0/x86_64-centos7/bin/../libexec/gcc/x86_64-pc-linux-gnu/8.3.0/cc1 -quiet -v -iprefix /cvmfs/sft.cern.ch/lcg/releases/gcc/8.3.0-cebb0/x86_64-centos7/bin/../lib/gcc/x86_64-pc-linux-gnu/8.3.0/ -isystem /cvmfs/sft.cern.ch/lcg/releases/gcc/8.3.0-cebb0/x86_64-centos7/include /cvmfs/sft.cern.ch/lcg/contrib/CMake/3.14.2/Linux-x86_64/share/cmake-3.14/Modules/CMakeCCompilerABI.c -quiet -dumpbase CMakeCCompilerABI.c -mtune=generic -march=x86-64 -auxbase-strip CMakeFiles/cmTC_23145.dir/CMakeCCompilerABI.c.o -version -o /tmp/ccxJP6W8.s
GNU C17 (GCC) version 8.3.0 (x86_64-pc-linux-gnu)
	compiled by GNU C version 8.3.0, GMP version 6.1.0, MPFR version 3.1.4, MPC version 1.0.3, isl version isl-0.18-GMP

GGC heuristics: --param ggc-min-expand=100 --param ggc-min-heapsize=131072
ignoring nonexistent directory "/cvmfs/sft.cern.ch/lcg/releases/gcc/8.3.0-cebb0/x86_64-centos7/bin/../lib/gcc/x86_64-pc-linux-gnu/8.3.0/../../../../x86_64-pc-linux-gnu/include"
ignoring duplicate directory "/cvmfs/sft.cern.ch/lcg/releases/gcc/8.3.0-cebb0/x86_64-centos7/bin/../lib/gcc/../../lib/gcc/x86_64-pc-linux-gnu/8.3.0/include"
ignoring duplicate directory "/cvmfs/sft.cern.ch/lcg/releases/gcc/8.3.0-cebb0/x86_64-centos7/bin/../lib/gcc/../../include"
ignoring duplicate directory "/cvmfs/sft.cern.ch/lcg/releases/gcc/8.3.0-cebb0/x86_64-centos7/bin/../lib/gcc/../../lib/gcc/x86_64-pc-linux-gnu/8.3.0/include-fixed"
ignoring nonexistent directory "/cvmfs/sft.cern.ch/lcg/releases/gcc/8.3.0-cebb0/x86_64-centos7/bin/../lib/gcc/../../lib/gcc/x86_64-pc-linux-gnu/8.3.0/../../../../x86_64-pc-linux-gnu/include"
#include "..." search starts here:
#include <...> search starts here:
 /cvmfs/sft.cern.ch/lcg/releases/gcc/8.3.0-cebb0/x86_64-centos7/include
 /cvmfs/sft.cern.ch/lcg/releases/LCG_96b/Boost/1.70.0/x86_64-centos7-gcc8-opt/include
 .
 /cvmfs/sft.cern.ch/lcg/releases/gcc/8.3.0-cebb0/x86_64-centos7/bin/../lib/gcc/x86_64-pc-linux-gnu/8.3.0/include
 /cvmfs/sft.cern.ch/lcg/releases/gcc/8.3.0-cebb0/x86_64-centos7/bin/../lib/gcc/x86_64-pc-linux-gnu/8.3.0/include-fixed
 /usr/local/include
 /usr/include
End of search list.
GNU C17 (GCC) version 8.3.0 (x86_64-pc-linux-gnu)
	compiled by GNU C version 8.3.0, GMP version 6.1.0, MPFR version 3.1.4, MPC version 1.0.3, isl version isl-0.18-GMP

GGC heuristics: --param ggc-min-expand=100 --param ggc-min-heapsize=131072
Compiler executable checksum: b475cb7e86774771f388e9a917a216d2
COLLECT_GCC_OPTIONS='-v' '-o' 'CMakeFiles/cmTC_23145.dir/CMakeCCompilerABI.c.o' '-c' '-mtune=generic' '-march=x86-64'
 as -v --64 -o CMakeFiles/cmTC_23145.dir/CMakeCCompilerABI.c.o /tmp/ccxJP6W8.s
GNU assembler version 2.30 (x86_64-pc-linux-gnu) using BFD version (GNU Binutils) 2.30
COMPILER_PATH=/cvmfs/sft.cern.ch/lcg/releases/gcc/8.3.0-cebb0/x86_64-centos7/bin/../libexec/gcc/x86_64-pc-linux-gnu/8.3.0/:/cvmfs/sft.cern.ch/lcg/releases/gcc/8.3.0-cebb0/x86_64-centos7/bin/../libexec/gcc/:/cvmfs/sft.cern.ch/lcg/releases/gcc/8.3.0-cebb0/x86_64-centos7/
LIBRARY_PATH=/cvmfs/sft.cern.ch/lcg/releases/gcc/8.3.0-cebb0/x86_64-centos7/bin/../lib/gcc/x86_64-pc-linux-gnu/8.3.0/:/cvmfs/sft.cern.ch/lcg/releases/gcc/8.3.0-cebb0/x86_64-centos7/bin/../lib/gcc/:/cvmfs/sft.cern.ch/lcg/releases/gcc/8.3.0-cebb0/x86_64-centos7/bin/../lib/gcc/x86_64-pc-linux-gnu/8.3.0/../../../../lib64/:/lib/../lib64/:/usr/lib/../lib64/:/cvmfs/sft.cern.ch/lcg/releases/gcc/8.3.0-cebb0/x86_64-centos7/bin/../lib/gcc/x86_64-pc-linux-gnu/8.3.0/../../../:/lib/:/usr/lib/
COLLECT_GCC_OPTIONS='-v' '-o' 'CMakeFiles/cmTC_23145.dir/CMakeCCompilerABI.c.o' '-c' '-mtune=generic' '-march=x86-64'
Linking C executable cmTC_23145
/cvmfs/sft.cern.ch/lcg/contrib/CMake/3.14.2/Linux-x86_64/bin/cmake -E cmake_link_script CMakeFiles/cmTC_23145.dir/link.txt --verbose=1
/cvmfs/sft.cern.ch/lcg/releases/gcc/8.3.0-cebb0/x86_64-centos7/bin/gcc     -v CMakeFiles/cmTC_23145.dir/CMakeCCompilerABI.c.o  -o cmTC_23145 
Using built-in specs.
COLLECT_GCC=/cvmfs/sft.cern.ch/lcg/releases/gcc/8.3.0-cebb0/x86_64-centos7/bin/gcc
COLLECT_LTO_WRAPPER=/cvmfs/sft.cern.ch/lcg/releases/gcc/8.3.0-cebb0/x86_64-centos7/bin/../libexec/gcc/x86_64-pc-linux-gnu/8.3.0/lto-wrapper
Target: x86_64-pc-linux-gnu
Configured with: /tmp/dkonst/build/contrib/gcc-8.3.0/src/gcc/8.3.0/configure --prefix=/tmp/dkonst/lcgcmake-install/gcc/8.3.0/x86_64-centos7 -with-system-zlib --disable-multilib --enable-languages=all --with-gnu-ld --with-ld=/tmp/dkonst/lcgcmake-install/binutils/2.30/x86_64-centos7/bin/ld --with-gnu-as --with-as=/tmp/dkonst/lcgcmake-install/binutils/2.30/x86_64-centos7/bin/as
Thread model: posix
gcc version 8.3.0 (GCC) 
COMPILER_PATH=/cvmfs/sft.cern.ch/lcg/releases/gcc/8.3.0-cebb0/x86_64-centos7/bin/../libexec/gcc/x86_64-pc-linux-gnu/8.3.0/:/cvmfs/sft.cern.ch/lcg/releases/gcc/8.3.0-cebb0/x86_64-centos7/bin/../libexec/gcc/:/cvmfs/sft.cern.ch/lcg/releases/gcc/8.3.0-cebb0/x86_64-centos7/
LIBRARY_PATH=/cvmfs/sft.cern.ch/lcg/releases/gcc/8.3.0-cebb0/x86_64-centos7/bin/../lib/gcc/x86_64-pc-linux-gnu/8.3.0/:/cvmfs/sft.cern.ch/lcg/releases/gcc/8.3.0-cebb0/x86_64-centos7/bin/../lib/gcc/:/cvmfs/sft.cern.ch/lcg/releases/gcc/8.3.0-cebb0/x86_64-centos7/bin/../lib/gcc/x86_64-pc-linux-gnu/8.3.0/../../../../lib64/:/lib/../lib64/:/usr/lib/../lib64/:/cvmfs/sft.cern.ch/lcg/releases/gcc/8.3.0-cebb0/x86_64-centos7/bin/../lib/gcc/x86_64-pc-linux-gnu/8.3.0/../../../:/lib/:/usr/lib/
COLLECT_GCC_OPTIONS='-v' '-o' 'cmTC_23145' '-mtune=generic' '-march=x86-64'
 /cvmfs/sft.cern.ch/lcg/releases/gcc/8.3.0-cebb0/x86_64-centos7/bin/../libexec/gcc/x86_64-pc-linux-gnu/8.3.0/collect2 -plugin /cvmfs/sft.cern.ch/lcg/releases/gcc/8.3.0-cebb0/x86_64-centos7/bin/../libexec/gcc/x86_64-pc-linux-gnu/8.3.0/liblto_plugin.so -plugin-opt=/cvmfs/sft.cern.ch/lcg/releases/gcc/8.3.0-cebb0/x86_64-centos7/bin/../libexec/gcc/x86_64-pc-linux-gnu/8.3.0/lto-wrapper -plugin-opt=-fresolution=/tmp/ccMZqITH.res -plugin-opt=-pass-through=-lgcc -plugin-opt=-pass-through=-lgcc_s -plugin-opt=-pass-through=-lc -plugin-opt=-pass-through=-lgcc -plugin-opt=-pass-through=-lgcc_s --eh-frame-hdr -m elf_x86_64 -dynamic-linker /lib64/ld-linux-x86-64.so.2 -o cmTC_23145 /lib/../lib64/crt1.o /lib/../lib64/crti.o /cvmfs/sft.cern.ch/lcg/releases/gcc/8.3.0-cebb0/x86_64-centos7/bin/../lib/gcc/x86_64-pc-linux-gnu/8.3.0/crtbegin.o -L/cvmfs/sft.cern.ch/lcg/releases/gcc/8.3.0-cebb0/x86_64-centos7/bin/../lib/gcc/x86_64-pc-linux-gnu/8.3.0 -L/cvmfs/sft.cern.ch/lcg/releases/gcc/8.3.0-cebb0/x86_64-centos7/bin/../lib/gcc -L/cvmfs/sft.cern.ch/lcg/releases/gcc/8.3.0-cebb0/x86_64-centos7/bin/../lib/gcc/x86_64-pc-linux-gnu/8.3.0/../../../../lib64 -L/lib/../lib64 -L/usr/lib/../lib64 -L/cvmfs/sft.cern.ch/lcg/releases/gcc/8.3.0-cebb0/x86_64-centos7/bin/../lib/gcc/x86_64-pc-linux-gnu/8.3.0/../../.. CMakeFiles/cmTC_23145.dir/CMakeCCompilerABI.c.o -lgcc --as-needed -lgcc_s --no-as-needed -lc -lgcc --as-needed -lgcc_s --no-as-needed /cvmfs/sft.cern.ch/lcg/releases/gcc/8.3.0-cebb0/x86_64-centos7/bin/../lib/gcc/x86_64-pc-linux-gnu/8.3.0/crtend.o /lib/../lib64/crtn.o
COLLECT_GCC_OPTIONS='-v' '-o' 'cmTC_23145' '-mtune=generic' '-march=x86-64'
gmake[1]: Leaving directory `/u/user/changhui/work/BICtest/DRsim/CMakeFiles/CMakeTmp'


Parsed C implicit include dir info from above output: rv=done
  found start of include info
  found start of implicit include info
    add: [/cvmfs/sft.cern.ch/lcg/releases/gcc/8.3.0-cebb0/x86_64-centos7/include]
    add: [/cvmfs/sft.cern.ch/lcg/releases/LCG_96b/Boost/1.70.0/x86_64-centos7-gcc8-opt/include]
    add: [.]
    add: [/cvmfs/sft.cern.ch/lcg/releases/gcc/8.3.0-cebb0/x86_64-centos7/bin/../lib/gcc/x86_64-pc-linux-gnu/8.3.0/include]
    add: [/cvmfs/sft.cern.ch/lcg/releases/gcc/8.3.0-cebb0/x86_64-centos7/bin/../lib/gcc/x86_64-pc-linux-gnu/8.3.0/include-fixed]
    add: [/usr/local/include]
    add: [/usr/include]
  end of search list found
  collapse include dir [/cvmfs/sft.cern.ch/lcg/releases/gcc/8.3.0-cebb0/x86_64-centos7/include] ==> [/cvmfs/sft.cern.ch/lcg/releases/gcc/8.3.0-cebb0/x86_64-centos7/include]
  collapse include dir [/cvmfs/sft.cern.ch/lcg/releases/LCG_96b/Boost/1.70.0/x86_64-centos7-gcc8-opt/include] ==> [/cvmfs/sft.cern.ch/lcg/releases/LCG_96b/Boost/1.70.0/x86_64-centos7-gcc8-opt/include]
  skipping relative include dir [.]
  collapse include dir [/cvmfs/sft.cern.ch/lcg/releases/gcc/8.3.0-cebb0/x86_64-centos7/bin/../lib/gcc/x86_64-pc-linux-gnu/8.3.0/include] ==> [/cvmfs/sft.cern.ch/lcg/releases/gcc/8.3.0-cebb0/x86_64-centos7/lib/gcc/x86_64-pc-linux-gnu/8.3.0/include]
  collapse include dir [/cvmfs/sft.cern.ch/lcg/releases/gcc/8.3.0-cebb0/x86_64-centos7/bin/../lib/gcc/x86_64-pc-linux-gnu/8.3.0/include-fixed] ==> [/cvmfs/sft.cern.ch/lcg/releases/gcc/8.3.0-cebb0/x86_64-centos7/lib/gcc/x86_64-pc-linux-gnu/8.3.0/include-fixed]
  collapse include dir [/usr/local/include] ==> [/usr/local/include]
  collapse include dir [/usr/include] ==> [/usr/include]
  implicit include dirs: [/cvmfs/sft.cern.ch/lcg/releases/gcc/8.3.0-cebb0/x86_64-centos7/include;/cvmfs/sft.cern.ch/lcg/releases/LCG_96b/Boost/1.70.0/x86_64-centos7-gcc8-opt/include;/cvmfs/sft.cern.ch/lcg/releases/gcc/8.3.0-cebb0/x86_64-centos7/lib/gcc/x86_64-pc-linux-gnu/8.3.0/include;/cvmfs/sft.cern.ch/lcg/releases/gcc/8.3.0-cebb0/x86_64-centos7/lib/gcc/x86_64-pc-linux-gnu/8.3.0/include-fixed;/usr/local/include;/usr/include]


Parsed C implicit link information from above output:
  link line regex: [^( *|.*[/\])(ld|CMAKE_LINK_STARTFILE-NOTFOUND|([^/\]+-)?ld|collect2)[^/\]*( |$)]
  ignore line: [Change Dir: /u/user/changhui/work/BICtest/DRsim/CMakeFiles/CMakeTmp]
  ignore line: []
  ignore line: [Run Build Command(s):/usr/bin/gmake cmTC_23145/fast ]
  ignore line: [/usr/bin/gmake -f CMakeFiles/cmTC_23145.dir/build.make CMakeFiles/cmTC_23145.dir/build]
  ignore line: [gmake[1]: Entering directory `/u/user/changhui/work/BICtest/DRsim/CMakeFiles/CMakeTmp']
  ignore line: [Building C object CMakeFiles/cmTC_23145.dir/CMakeCCompilerABI.c.o]
  ignore line: [/cvmfs/sft.cern.ch/lcg/releases/gcc/8.3.0-cebb0/x86_64-centos7/bin/gcc   -v -o CMakeFiles/cmTC_23145.dir/CMakeCCompilerABI.c.o   -c /cvmfs/sft.cern.ch/lcg/contrib/CMake/3.14.2/Linux-x86_64/share/cmake-3.14/Modules/CMakeCCompilerABI.c]
  ignore line: [Using built-in specs.]
  ignore line: [COLLECT_GCC=/cvmfs/sft.cern.ch/lcg/releases/gcc/8.3.0-cebb0/x86_64-centos7/bin/gcc]
  ignore line: [Target: x86_64-pc-linux-gnu]
  ignore line: [Configured with: /tmp/dkonst/build/contrib/gcc-8.3.0/src/gcc/8.3.0/configure --prefix=/tmp/dkonst/lcgcmake-install/gcc/8.3.0/x86_64-centos7 -with-system-zlib --disable-multilib --enable-languages=all --with-gnu-ld --with-ld=/tmp/dkonst/lcgcmake-install/binutils/2.30/x86_64-centos7/bin/ld --with-gnu-as --with-as=/tmp/dkonst/lcgcmake-install/binutils/2.30/x86_64-centos7/bin/as]
  ignore line: [Thread model: posix]
  ignore line: [gcc version 8.3.0 (GCC) ]
  ignore line: [COLLECT_GCC_OPTIONS='-v' '-o' 'CMakeFiles/cmTC_23145.dir/CMakeCCompilerABI.c.o' '-c' '-mtune=generic' '-march=x86-64']
  ignore line: [ /cvmfs/sft.cern.ch/lcg/releases/gcc/8.3.0-cebb0/x86_64-centos7/bin/../libexec/gcc/x86_64-pc-linux-gnu/8.3.0/cc1 -quiet -v -iprefix /cvmfs/sft.cern.ch/lcg/releases/gcc/8.3.0-cebb0/x86_64-centos7/bin/../lib/gcc/x86_64-pc-linux-gnu/8.3.0/ -isystem /cvmfs/sft.cern.ch/lcg/releases/gcc/8.3.0-cebb0/x86_64-centos7/include /cvmfs/sft.cern.ch/lcg/contrib/CMake/3.14.2/Linux-x86_64/share/cmake-3.14/Modules/CMakeCCompilerABI.c -quiet -dumpbase CMakeCCompilerABI.c -mtune=generic -march=x86-64 -auxbase-strip CMakeFiles/cmTC_23145.dir/CMakeCCompilerABI.c.o -version -o /tmp/ccxJP6W8.s]
  ignore line: [GNU C17 (GCC) version 8.3.0 (x86_64-pc-linux-gnu)]
  ignore line: [	compiled by GNU C version 8.3.0, GMP version 6.1.0, MPFR version 3.1.4, MPC version 1.0.3, isl version isl-0.18-GMP]
  ignore line: []
  ignore line: [GGC heuristics: --param ggc-min-expand=100 --param ggc-min-heapsize=131072]
  ignore line: [ignoring nonexistent directory "/cvmfs/sft.cern.ch/lcg/releases/gcc/8.3.0-cebb0/x86_64-centos7/bin/../lib/gcc/x86_64-pc-linux-gnu/8.3.0/../../../../x86_64-pc-linux-gnu/include"]
  ignore line: [ignoring duplicate directory "/cvmfs/sft.cern.ch/lcg/releases/gcc/8.3.0-cebb0/x86_64-centos7/bin/../lib/gcc/../../lib/gcc/x86_64-pc-linux-gnu/8.3.0/include"]
  ignore line: [ignoring duplicate directory "/cvmfs/sft.cern.ch/lcg/releases/gcc/8.3.0-cebb0/x86_64-centos7/bin/../lib/gcc/../../include"]
  ignore line: [ignoring duplicate directory "/cvmfs/sft.cern.ch/lcg/releases/gcc/8.3.0-cebb0/x86_64-centos7/bin/../lib/gcc/../../lib/gcc/x86_64-pc-linux-gnu/8.3.0/include-fixed"]
  ignore line: [ignoring nonexistent directory "/cvmfs/sft.cern.ch/lcg/releases/gcc/8.3.0-cebb0/x86_64-centos7/bin/../lib/gcc/../../lib/gcc/x86_64-pc-linux-gnu/8.3.0/../../../../x86_64-pc-linux-gnu/include"]
  ignore line: [#include "..." search starts here:]
  ignore line: [#include <...> search starts here:]
  ignore line: [ /cvmfs/sft.cern.ch/lcg/releases/gcc/8.3.0-cebb0/x86_64-centos7/include]
  ignore line: [ /cvmfs/sft.cern.ch/lcg/releases/LCG_96b/Boost/1.70.0/x86_64-centos7-gcc8-opt/include]
  ignore line: [ .]
  ignore line: [ /cvmfs/sft.cern.ch/lcg/releases/gcc/8.3.0-cebb0/x86_64-centos7/bin/../lib/gcc/x86_64-pc-linux-gnu/8.3.0/include]
  ignore line: [ /cvmfs/sft.cern.ch/lcg/releases/gcc/8.3.0-cebb0/x86_64-centos7/bin/../lib/gcc/x86_64-pc-linux-gnu/8.3.0/include-fixed]
  ignore line: [ /usr/local/include]
  ignore line: [ /usr/include]
  ignore line: [End of search list.]
  ignore line: [GNU C17 (GCC) version 8.3.0 (x86_64-pc-linux-gnu)]
  ignore line: [	compiled by GNU C version 8.3.0, GMP version 6.1.0, MPFR version 3.1.4, MPC version 1.0.3, isl version isl-0.18-GMP]
  ignore line: []
  ignore line: [GGC heuristics: --param ggc-min-expand=100 --param ggc-min-heapsize=131072]
  ignore line: [Compiler executable checksum: b475cb7e86774771f388e9a917a216d2]
  ignore line: [COLLECT_GCC_OPTIONS='-v' '-o' 'CMakeFiles/cmTC_23145.dir/CMakeCCompilerABI.c.o' '-c' '-mtune=generic' '-march=x86-64']
  ignore line: [ as -v --64 -o CMakeFiles/cmTC_23145.dir/CMakeCCompilerABI.c.o /tmp/ccxJP6W8.s]
  ignore line: [GNU assembler version 2.30 (x86_64-pc-linux-gnu) using BFD version (GNU Binutils) 2.30]
  ignore line: [COMPILER_PATH=/cvmfs/sft.cern.ch/lcg/releases/gcc/8.3.0-cebb0/x86_64-centos7/bin/../libexec/gcc/x86_64-pc-linux-gnu/8.3.0/:/cvmfs/sft.cern.ch/lcg/releases/gcc/8.3.0-cebb0/x86_64-centos7/bin/../libexec/gcc/:/cvmfs/sft.cern.ch/lcg/releases/gcc/8.3.0-cebb0/x86_64-centos7/]
  ignore line: [LIBRARY_PATH=/cvmfs/sft.cern.ch/lcg/releases/gcc/8.3.0-cebb0/x86_64-centos7/bin/../lib/gcc/x86_64-pc-linux-gnu/8.3.0/:/cvmfs/sft.cern.ch/lcg/releases/gcc/8.3.0-cebb0/x86_64-centos7/bin/../lib/gcc/:/cvmfs/sft.cern.ch/lcg/releases/gcc/8.3.0-cebb0/x86_64-centos7/bin/../lib/gcc/x86_64-pc-linux-gnu/8.3.0/../../../../lib64/:/lib/../lib64/:/usr/lib/../lib64/:/cvmfs/sft.cern.ch/lcg/releases/gcc/8.3.0-cebb0/x86_64-centos7/bin/../lib/gcc/x86_64-pc-linux-gnu/8.3.0/../../../:/lib/:/usr/lib/]
  ignore line: [COLLECT_GCC_OPTIONS='-v' '-o' 'CMakeFiles/cmTC_23145.dir/CMakeCCompilerABI.c.o' '-c' '-mtune=generic' '-march=x86-64']
  ignore line: [Linking C executable cmTC_23145]
  ignore line: [/cvmfs/sft.cern.ch/lcg/contrib/CMake/3.14.2/Linux-x86_64/bin/cmake -E cmake_link_script CMakeFiles/cmTC_23145.dir/link.txt --verbose=1]
  ignore line: [/cvmfs/sft.cern.ch/lcg/releases/gcc/8.3.0-cebb0/x86_64-centos7/bin/gcc     -v CMakeFiles/cmTC_23145.dir/CMakeCCompilerABI.c.o  -o cmTC_23145 ]
  ignore line: [Using built-in specs.]
  ignore line: [COLLECT_GCC=/cvmfs/sft.cern.ch/lcg/releases/gcc/8.3.0-cebb0/x86_64-centos7/bin/gcc]
  ignore line: [COLLECT_LTO_WRAPPER=/cvmfs/sft.cern.ch/lcg/releases/gcc/8.3.0-cebb0/x86_64-centos7/bin/../libexec/gcc/x86_64-pc-linux-gnu/8.3.0/lto-wrapper]
  ignore line: [Target: x86_64-pc-linux-gnu]
  ignore line: [Configured with: /tmp/dkonst/build/contrib/gcc-8.3.0/src/gcc/8.3.0/configure --prefix=/tmp/dkonst/lcgcmake-install/gcc/8.3.0/x86_64-centos7 -with-system-zlib --disable-multilib --enable-languages=all --with-gnu-ld --with-ld=/tmp/dkonst/lcgcmake-install/binutils/2.30/x86_64-centos7/bin/ld --with-gnu-as --with-as=/tmp/dkonst/lcgcmake-install/binutils/2.30/x86_64-centos7/bin/as]
  ignore line: [Thread model: posix]
  ignore line: [gcc version 8.3.0 (GCC) ]
  ignore line: [COMPILER_PATH=/cvmfs/sft.cern.ch/lcg/releases/gcc/8.3.0-cebb0/x86_64-centos7/bin/../libexec/gcc/x86_64-pc-linux-gnu/8.3.0/:/cvmfs/sft.cern.ch/lcg/releases/gcc/8.3.0-cebb0/x86_64-centos7/bin/../libexec/gcc/:/cvmfs/sft.cern.ch/lcg/releases/gcc/8.3.0-cebb0/x86_64-centos7/]
  ignore line: [LIBRARY_PATH=/cvmfs/sft.cern.ch/lcg/releases/gcc/8.3.0-cebb0/x86_64-centos7/bin/../lib/gcc/x86_64-pc-linux-gnu/8.3.0/:/cvmfs/sft.cern.ch/lcg/releases/gcc/8.3.0-cebb0/x86_64-centos7/bin/../lib/gcc/:/cvmfs/sft.cern.ch/lcg/releases/gcc/8.3.0-cebb0/x86_64-centos7/bin/../lib/gcc/x86_64-pc-linux-gnu/8.3.0/../../../../lib64/:/lib/../lib64/:/usr/lib/../lib64/:/cvmfs/sft.cern.ch/lcg/releases/gcc/8.3.0-cebb0/x86_64-centos7/bin/../lib/gcc/x86_64-pc-linux-gnu/8.3.0/../../../:/lib/:/usr/lib/]
  ignore line: [COLLECT_GCC_OPTIONS='-v' '-o' 'cmTC_23145' '-mtune=generic' '-march=x86-64']
  link line: [ /cvmfs/sft.cern.ch/lcg/releases/gcc/8.3.0-cebb0/x86_64-centos7/bin/../libexec/gcc/x86_64-pc-linux-gnu/8.3.0/collect2 -plugin /cvmfs/sft.cern.ch/lcg/releases/gcc/8.3.0-cebb0/x86_64-centos7/bin/../libexec/gcc/x86_64-pc-linux-gnu/8.3.0/liblto_plugin.so -plugin-opt=/cvmfs/sft.cern.ch/lcg/releases/gcc/8.3.0-cebb0/x86_64-centos7/bin/../libexec/gcc/x86_64-pc-linux-gnu/8.3.0/lto-wrapper -plugin-opt=-fresolution=/tmp/ccMZqITH.res -plugin-opt=-pass-through=-lgcc -plugin-opt=-pass-through=-lgcc_s -plugin-opt=-pass-through=-lc -plugin-opt=-pass-through=-lgcc -plugin-opt=-pass-through=-lgcc_s --eh-frame-hdr -m elf_x86_64 -dynamic-linker /lib64/ld-linux-x86-64.so.2 -o cmTC_23145 /lib/../lib64/crt1.o /lib/../lib64/crti.o /cvmfs/sft.cern.ch/lcg/releases/gcc/8.3.0-cebb0/x86_64-centos7/bin/../lib/gcc/x86_64-pc-linux-gnu/8.3.0/crtbegin.o -L/cvmfs/sft.cern.ch/lcg/releases/gcc/8.3.0-cebb0/x86_64-centos7/bin/../lib/gcc/x86_64-pc-linux-gnu/8.3.0 -L/cvmfs/sft.cern.ch/lcg/releases/gcc/8.3.0-cebb0/x86_64-centos7/bin/../lib/gcc -L/cvmfs/sft.cern.ch/lcg/releases/gcc/8.3.0-cebb0/x86_64-centos7/bin/../lib/gcc/x86_64-pc-linux-gnu/8.3.0/../../../../lib64 -L/lib/../lib64 -L/usr/lib/../lib64 -L/cvmfs/sft.cern.ch/lcg/releases/gcc/8.3.0-cebb0/x86_64-centos7/bin/../lib/gcc/x86_64-pc-linux-gnu/8.3.0/../../.. CMakeFiles/cmTC_23145.dir/CMakeCCompilerABI.c.o -lgcc --as-needed -lgcc_s --no-as-needed -lc -lgcc --as-needed -lgcc_s --no-as-needed /cvmfs/sft.cern.ch/lcg/releases/gcc/8.3.0-cebb0/x86_64-centos7/bin/../lib/gcc/x86_64-pc-linux-gnu/8.3.0/crtend.o /lib/../lib64/crtn.o]
    arg [/cvmfs/sft.cern.ch/lcg/releases/gcc/8.3.0-cebb0/x86_64-centos7/bin/../libexec/gcc/x86_64-pc-linux-gnu/8.3.0/collect2] ==> ignore
    arg [-plugin] ==> ignore
    arg [/cvmfs/sft.cern.ch/lcg/releases/gcc/8.3.0-cebb0/x86_64-centos7/bin/../libexec/gcc/x86_64-pc-linux-gnu/8.3.0/liblto_plugin.so] ==> ignore
    arg [-plugin-opt=/cvmfs/sft.cern.ch/lcg/releases/gcc/8.3.0-cebb0/x86_64-centos7/bin/../libexec/gcc/x86_64-pc-linux-gnu/8.3.0/lto-wrapper] ==> ignore
    arg [-plugin-opt=-fresolution=/tmp/ccMZqITH.res] ==> ignore
    arg [-plugin-opt=-pass-through=-lgcc] ==> ignore
    arg [-plugin-opt=-pass-through=-lgcc_s] ==> ignore
    arg [-plugin-opt=-pass-through=-lc] ==> ignore
    arg [-plugin-opt=-pass-through=-lgcc] ==> ignore
    arg [-plugin-opt=-pass-through=-lgcc_s] ==> ignore
    arg [--eh-frame-hdr] ==> ignore
    arg [-m] ==> ignore
    arg [elf_x86_64] ==> ignore
    arg [-dynamic-linker] ==> ignore
    arg [/lib64/ld-linux-x86-64.so.2] ==> ignore
    arg [-o] ==> ignore
    arg [cmTC_23145] ==> ignore
    arg [/lib/../lib64/crt1.o] ==> ignore
    arg [/lib/../lib64/crti.o] ==> ignore
    arg [/cvmfs/sft.cern.ch/lcg/releases/gcc/8.3.0-cebb0/x86_64-centos7/bin/../lib/gcc/x86_64-pc-linux-gnu/8.3.0/crtbegin.o] ==> ignore
    arg [-L/cvmfs/sft.cern.ch/lcg/releases/gcc/8.3.0-cebb0/x86_64-centos7/bin/../lib/gcc/x86_64-pc-linux-gnu/8.3.0] ==> dir [/cvmfs/sft.cern.ch/lcg/releases/gcc/8.3.0-cebb0/x86_64-centos7/bin/../lib/gcc/x86_64-pc-linux-gnu/8.3.0]
    arg [-L/cvmfs/sft.cern.ch/lcg/releases/gcc/8.3.0-cebb0/x86_64-centos7/bin/../lib/gcc] ==> dir [/cvmfs/sft.cern.ch/lcg/releases/gcc/8.3.0-cebb0/x86_64-centos7/bin/../lib/gcc]
    arg [-L/cvmfs/sft.cern.ch/lcg/releases/gcc/8.3.0-cebb0/x86_64-centos7/bin/../lib/gcc/x86_64-pc-linux-gnu/8.3.0/../../../../lib64] ==> dir [/cvmfs/sft.cern.ch/lcg/releases/gcc/8.3.0-cebb0/x86_64-centos7/bin/../lib/gcc/x86_64-pc-linux-gnu/8.3.0/../../../../lib64]
    arg [-L/lib/../lib64] ==> dir [/lib/../lib64]
    arg [-L/usr/lib/../lib64] ==> dir [/usr/lib/../lib64]
    arg [-L/cvmfs/sft.cern.ch/lcg/releases/gcc/8.3.0-cebb0/x86_64-centos7/bin/../lib/gcc/x86_64-pc-linux-gnu/8.3.0/../../..] ==> dir [/cvmfs/sft.cern.ch/lcg/releases/gcc/8.3.0-cebb0/x86_64-centos7/bin/../lib/gcc/x86_64-pc-linux-gnu/8.3.0/../../..]
    arg [CMakeFiles/cmTC_23145.dir/CMakeCCompilerABI.c.o] ==> ignore
    arg [-lgcc] ==> lib [gcc]
    arg [--as-needed] ==> ignore
    arg [-lgcc_s] ==> lib [gcc_s]
    arg [--no-as-needed] ==> ignore
    arg [-lc] ==> lib [c]
    arg [-lgcc] ==> lib [gcc]
    arg [--as-needed] ==> ignore
    arg [-lgcc_s] ==> lib [gcc_s]
    arg [--no-as-needed] ==> ignore
    arg [/cvmfs/sft.cern.ch/lcg/releases/gcc/8.3.0-cebb0/x86_64-centos7/bin/../lib/gcc/x86_64-pc-linux-gnu/8.3.0/crtend.o] ==> ignore
    arg [/lib/../lib64/crtn.o] ==> ignore
  collapse library dir [/cvmfs/sft.cern.ch/lcg/releases/gcc/8.3.0-cebb0/x86_64-centos7/bin/../lib/gcc/x86_64-pc-linux-gnu/8.3.0] ==> [/cvmfs/sft.cern.ch/lcg/releases/gcc/8.3.0-cebb0/x86_64-centos7/lib/gcc/x86_64-pc-linux-gnu/8.3.0]
  collapse library dir [/cvmfs/sft.cern.ch/lcg/releases/gcc/8.3.0-cebb0/x86_64-centos7/bin/../lib/gcc] ==> [/cvmfs/sft.cern.ch/lcg/releases/gcc/8.3.0-cebb0/x86_64-centos7/lib/gcc]
  collapse library dir [/cvmfs/sft.cern.ch/lcg/releases/gcc/8.3.0-cebb0/x86_64-centos7/bin/../lib/gcc/x86_64-pc-linux-gnu/8.3.0/../../../../lib64] ==> [/cvmfs/sft.cern.ch/lcg/releases/gcc/8.3.0-cebb0/x86_64-centos7/lib64]
  collapse library dir [/lib/../lib64] ==> [/lib64]
  collapse library dir [/usr/lib/../lib64] ==> [/usr/lib64]
  collapse library dir [/cvmfs/sft.cern.ch/lcg/releases/gcc/8.3.0-cebb0/x86_64-centos7/bin/../lib/gcc/x86_64-pc-linux-gnu/8.3.0/../../..] ==> [/cvmfs/sft.cern.ch/lcg/releases/gcc/8.3.0-cebb0/x86_64-centos7/lib]
  implicit libs: [gcc;gcc_s;c;gcc;gcc_s]
  implicit dirs: [/cvmfs/sft.cern.ch/lcg/releases/gcc/8.3.0-cebb0/x86_64-centos7/lib/gcc/x86_64-pc-linux-gnu/8.3.0;/cvmfs/sft.cern.ch/lcg/releases/gcc/8.3.0-cebb0/x86_64-centos7/lib/gcc;/cvmfs/sft.cern.ch/lcg/releases/gcc/8.3.0-cebb0/x86_64-centos7/lib64;/lib64;/usr/lib64;/cvmfs/sft.cern.ch/lcg/releases/gcc/8.3.0-cebb0/x86_64-centos7/lib]
  implicit fwks: []




Detecting C [-std=c11] compiler features compiled with the following output:
Change Dir: /u/user/changhui/work/BICtest/DRsim/CMakeFiles/CMakeTmp

Run Build Command(s):/usr/bin/gmake cmTC_1c760/fast 
/usr/bin/gmake -f CMakeFiles/cmTC_1c760.dir/build.make CMakeFiles/cmTC_1c760.dir/build
gmake[1]: Entering directory `/u/user/changhui/work/BICtest/DRsim/CMakeFiles/CMakeTmp'
Building C object CMakeFiles/cmTC_1c760.dir/feature_tests.c.o
/cvmfs/sft.cern.ch/lcg/releases/gcc/8.3.0-cebb0/x86_64-centos7/bin/gcc   -std=c11 -o CMakeFiles/cmTC_1c760.dir/feature_tests.c.o   -c /u/user/changhui/work/BICtest/DRsim/CMakeFiles/feature_tests.c
Linking C executable cmTC_1c760
/cvmfs/sft.cern.ch/lcg/contrib/CMake/3.14.2/Linux-x86_64/bin/cmake -E cmake_link_script CMakeFiles/cmTC_1c760.dir/link.txt --verbose=1
/cvmfs/sft.cern.ch/lcg/releases/gcc/8.3.0-cebb0/x86_64-centos7/bin/gcc      CMakeFiles/cmTC_1c760.dir/feature_tests.c.o  -o cmTC_1c760 
gmake[1]: Leaving directory `/u/user/changhui/work/BICtest/DRsim/CMakeFiles/CMakeTmp'


    Feature record: C_FEATURE:1c_function_prototypes
    Feature record: C_FEATURE:1c_restrict
    Feature record: C_FEATURE:1c_static_assert
    Feature record: C_FEATURE:1c_variadic_macros


Detecting C [-std=c99] compiler features compiled with the following output:
Change Dir: /u/user/changhui/work/BICtest/DRsim/CMakeFiles/CMakeTmp

Run Build Command(s):/usr/bin/gmake cmTC_66c8e/fast 
/usr/bin/gmake -f CMakeFiles/cmTC_66c8e.dir/build.make CMakeFiles/cmTC_66c8e.dir/build
gmake[1]: Entering directory `/u/user/changhui/work/BICtest/DRsim/CMakeFiles/CMakeTmp'
Building C object CMakeFiles/cmTC_66c8e.dir/feature_tests.c.o
/cvmfs/sft.cern.ch/lcg/releases/gcc/8.3.0-cebb0/x86_64-centos7/bin/gcc   -std=c99 -o CMakeFiles/cmTC_66c8e.dir/feature_tests.c.o   -c /u/user/changhui/work/BICtest/DRsim/CMakeFiles/feature_tests.c
Linking C executable cmTC_66c8e
/cvmfs/sft.cern.ch/lcg/contrib/CMake/3.14.2/Linux-x86_64/bin/cmake -E cmake_link_script CMakeFiles/cmTC_66c8e.dir/link.txt --verbose=1
/cvmfs/sft.cern.ch/lcg/releases/gcc/8.3.0-cebb0/x86_64-centos7/bin/gcc      CMakeFiles/cmTC_66c8e.dir/feature_tests.c.o  -o cmTC_66c8e 
gmake[1]: Leaving directory `/u/user/changhui/work/BICtest/DRsim/CMakeFiles/CMakeTmp'


    Feature record: C_FEATURE:1c_function_prototypes
    Feature record: C_FEATURE:1c_restrict
    Feature record: C_FEATURE:0c_static_assert
    Feature record: C_FEATURE:1c_variadic_macros


Detecting C [-std=c90] compiler features compiled with the following output:
Change Dir: /u/user/changhui/work/BICtest/DRsim/CMakeFiles/CMakeTmp

Run Build Command(s):/usr/bin/gmake cmTC_d6908/fast 
/usr/bin/gmake -f CMakeFiles/cmTC_d6908.dir/build.make CMakeFiles/cmTC_d6908.dir/build
gmake[1]: Entering directory `/u/user/changhui/work/BICtest/DRsim/CMakeFiles/CMakeTmp'
Building C object CMakeFiles/cmTC_d6908.dir/feature_tests.c.o
/cvmfs/sft.cern.ch/lcg/releases/gcc/8.3.0-cebb0/x86_64-centos7/bin/gcc   -std=c90 -o CMakeFiles/cmTC_d6908.dir/feature_tests.c.o   -c /u/user/changhui/work/BICtest/DRsim/CMakeFiles/feature_tests.c
Linking C executable cmTC_d6908
/cvmfs/sft.cern.ch/lcg/contrib/CMake/3.14.2/Linux-x86_64/bin/cmake -E cmake_link_script CMakeFiles/cmTC_d6908.dir/link.txt --verbose=1
/cvmfs/sft.cern.ch/lcg/releases/gcc/8.3.0-cebb0/x86_64-centos7/bin/gcc      CMakeFiles/cmTC_d6908.dir/feature_tests.c.o  -o cmTC_d6908 
gmake[1]: Leaving directory `/u/user/changhui/work/BICtest/DRsim/CMakeFiles/CMakeTmp'


    Feature record: C_FEATURE:1c_function_prototypes
    Feature record: C_FEATURE:0c_restrict
    Feature record: C_FEATURE:0c_static_assert
    Feature record: C_FEATURE:0c_variadic_macros
Determining if the CXX compiler works passed with the following output:
Change Dir: /u/user/changhui/work/BICtest/DRsim/CMakeFiles/CMakeTmp

Run Build Command(s):/usr/bin/gmake cmTC_fb92c/fast 
/usr/bin/gmake -f CMakeFiles/cmTC_fb92c.dir/build.make CMakeFiles/cmTC_fb92c.dir/build
gmake[1]: Entering directory `/u/user/changhui/work/BICtest/DRsim/CMakeFiles/CMakeTmp'
Building CXX object CMakeFiles/cmTC_fb92c.dir/testCXXCompiler.cxx.o
/cvmfs/sft.cern.ch/lcg/releases/gcc/8.3.0-cebb0/x86_64-centos7/bin/g++     -o CMakeFiles/cmTC_fb92c.dir/testCXXCompiler.cxx.o -c /u/user/changhui/work/BICtest/DRsim/CMakeFiles/CMakeTmp/testCXXCompiler.cxx
Linking CXX executable cmTC_fb92c
/cvmfs/sft.cern.ch/lcg/contrib/CMake/3.14.2/Linux-x86_64/bin/cmake -E cmake_link_script CMakeFiles/cmTC_fb92c.dir/link.txt --verbose=1
/cvmfs/sft.cern.ch/lcg/releases/gcc/8.3.0-cebb0/x86_64-centos7/bin/g++       CMakeFiles/cmTC_fb92c.dir/testCXXCompiler.cxx.o  -o cmTC_fb92c 
gmake[1]: Leaving directory `/u/user/changhui/work/BICtest/DRsim/CMakeFiles/CMakeTmp'


Detecting CXX compiler ABI info compiled with the following output:
Change Dir: /u/user/changhui/work/BICtest/DRsim/CMakeFiles/CMakeTmp

Run Build Command(s):/usr/bin/gmake cmTC_aac18/fast 
/usr/bin/gmake -f CMakeFiles/cmTC_aac18.dir/build.make CMakeFiles/cmTC_aac18.dir/build
gmake[1]: Entering directory `/u/user/changhui/work/BICtest/DRsim/CMakeFiles/CMakeTmp'
Building CXX object CMakeFiles/cmTC_aac18.dir/CMakeCXXCompilerABI.cpp.o
/cvmfs/sft.cern.ch/lcg/releases/gcc/8.3.0-cebb0/x86_64-centos7/bin/g++    -v -o CMakeFiles/cmTC_aac18.dir/CMakeCXXCompilerABI.cpp.o -c /cvmfs/sft.cern.ch/lcg/contrib/CMake/3.14.2/Linux-x86_64/share/cmake-3.14/Modules/CMakeCXXCompilerABI.cpp
Using built-in specs.
COLLECT_GCC=/cvmfs/sft.cern.ch/lcg/releases/gcc/8.3.0-cebb0/x86_64-centos7/bin/g++
Target: x86_64-pc-linux-gnu
Configured with: /tmp/dkonst/build/contrib/gcc-8.3.0/src/gcc/8.3.0/configure --prefix=/tmp/dkonst/lcgcmake-install/gcc/8.3.0/x86_64-centos7 -with-system-zlib --disable-multilib --enable-languages=all --with-gnu-ld --with-ld=/tmp/dkonst/lcgcmake-install/binutils/2.30/x86_64-centos7/bin/ld --with-gnu-as --with-as=/tmp/dkonst/lcgcmake-install/binutils/2.30/x86_64-centos7/bin/as
Thread model: posix
gcc version 8.3.0 (GCC) 
COLLECT_GCC_OPTIONS='-v' '-o' 'CMakeFiles/cmTC_aac18.dir/CMakeCXXCompilerABI.cpp.o' '-c' '-shared-libgcc' '-mtune=generic' '-march=x86-64'
 /cvmfs/sft.cern.ch/lcg/releases/gcc/8.3.0-cebb0/x86_64-centos7/bin/../libexec/gcc/x86_64-pc-linux-gnu/8.3.0/cc1plus -quiet -v -iprefix /cvmfs/sft.cern.ch/lcg/releases/gcc/8.3.0-cebb0/x86_64-centos7/bin/../lib/gcc/x86_64-pc-linux-gnu/8.3.0/ -isystem /cvmfs/sft.cern.ch/lcg/releases/gcc/8.3.0-cebb0/x86_64-centos7/include -D_GNU_SOURCE /cvmfs/sft.cern.ch/lcg/contrib/CMake/3.14.2/Linux-x86_64/share/cmake-3.14/Modules/CMakeCXXCompilerABI.cpp -quiet -dumpbase CMakeCXXCompilerABI.cpp -mtune=generic -march=x86-64 -auxbase-strip CMakeFiles/cmTC_aac18.dir/CMakeCXXCompilerABI.cpp.o -version -o /tmp/ccEgQ4yA.s
GNU C++14 (GCC) version 8.3.0 (x86_64-pc-linux-gnu)
	compiled by GNU C version 8.3.0, GMP version 6.1.0, MPFR version 3.1.4, MPC version 1.0.3, isl version isl-0.18-GMP

GGC heuristics: --param ggc-min-expand=100 --param ggc-min-heapsize=131072
ignoring nonexistent directory "/cvmfs/sft.cern.ch/lcg/releases/gcc/8.3.0-cebb0/x86_64-centos7/bin/../lib/gcc/x86_64-pc-linux-gnu/8.3.0/../../../../x86_64-pc-linux-gnu/include"
ignoring duplicate directory "/cvmfs/sft.cern.ch/lcg/releases/gcc/8.3.0-cebb0/x86_64-centos7/bin/../lib/gcc/../../lib/gcc/x86_64-pc-linux-gnu/8.3.0/../../../../include/c++/8.3.0"
ignoring duplicate directory "/cvmfs/sft.cern.ch/lcg/releases/gcc/8.3.0-cebb0/x86_64-centos7/bin/../lib/gcc/../../lib/gcc/x86_64-pc-linux-gnu/8.3.0/../../../../include/c++/8.3.0/x86_64-pc-linux-gnu"
ignoring duplicate directory "/cvmfs/sft.cern.ch/lcg/releases/gcc/8.3.0-cebb0/x86_64-centos7/bin/../lib/gcc/../../lib/gcc/x86_64-pc-linux-gnu/8.3.0/../../../../include/c++/8.3.0/backward"
ignoring duplicate directory "/cvmfs/sft.cern.ch/lcg/releases/gcc/8.3.0-cebb0/x86_64-centos7/bin/../lib/gcc/../../lib/gcc/x86_64-pc-linux-gnu/8.3.0/include"
ignoring duplicate directory "/cvmfs/sft.cern.ch/lcg/releases/gcc/8.3.0-cebb0/x86_64-centos7/bin/../lib/gcc/../../include"
ignoring duplicate directory "/cvmfs/sft.cern.ch/lcg/releases/gcc/8.3.0-cebb0/x86_64-centos7/bin/../lib/gcc/../../lib/gcc/x86_64-pc-linux-gnu/8.3.0/include-fixed"
ignoring nonexistent directory "/cvmfs/sft.cern.ch/lcg/releases/gcc/8.3.0-cebb0/x86_64-centos7/bin/../lib/gcc/../../lib/gcc/x86_64-pc-linux-gnu/8.3.0/../../../../x86_64-pc-linux-gnu/include"
#include "..." search starts here:
#include <...> search starts here:
 /cvmfs/sft.cern.ch/lcg/releases/gcc/8.3.0-cebb0/x86_64-centos7/include
 /cvmfs/sft.cern.ch/lcg/releases/LCG_96b/Boost/1.70.0/x86_64-centos7-gcc8-opt/include
 .
 /cvmfs/sft.cern.ch/lcg/releases/gcc/8.3.0-cebb0/x86_64-centos7/bin/../lib/gcc/x86_64-pc-linux-gnu/8.3.0/../../../../include/c++/8.3.0
 /cvmfs/sft.cern.ch/lcg/releases/gcc/8.3.0-cebb0/x86_64-centos7/bin/../lib/gcc/x86_64-pc-linux-gnu/8.3.0/../../../../include/c++/8.3.0/x86_64-pc-linux-gnu
 /cvmfs/sft.cern.ch/lcg/releases/gcc/8.3.0-cebb0/x86_64-centos7/bin/../lib/gcc/x86_64-pc-linux-gnu/8.3.0/../../../../include/c++/8.3.0/backward
 /cvmfs/sft.cern.ch/lcg/releases/gcc/8.3.0-cebb0/x86_64-centos7/bin/../lib/gcc/x86_64-pc-linux-gnu/8.3.0/include
 /cvmfs/sft.cern.ch/lcg/releases/gcc/8.3.0-cebb0/x86_64-centos7/bin/../lib/gcc/x86_64-pc-linux-gnu/8.3.0/include-fixed
 /usr/local/include
 /usr/include
End of search list.
GNU C++14 (GCC) version 8.3.0 (x86_64-pc-linux-gnu)
	compiled by GNU C version 8.3.0, GMP version 6.1.0, MPFR version 3.1.4, MPC version 1.0.3, isl version isl-0.18-GMP

GGC heuristics: --param ggc-min-expand=100 --param ggc-min-heapsize=131072
Compiler executable checksum: 10e38d869c22b3e45b98f3c2f1cb2073
COLLECT_GCC_OPTIONS='-v' '-o' 'CMakeFiles/cmTC_aac18.dir/CMakeCXXCompilerABI.cpp.o' '-c' '-shared-libgcc' '-mtune=generic' '-march=x86-64'
 as -v --64 -o CMakeFiles/cmTC_aac18.dir/CMakeCXXCompilerABI.cpp.o /tmp/ccEgQ4yA.s
GNU assembler version 2.30 (x86_64-pc-linux-gnu) using BFD version (GNU Binutils) 2.30
COMPILER_PATH=/cvmfs/sft.cern.ch/lcg/releases/gcc/8.3.0-cebb0/x86_64-centos7/bin/../libexec/gcc/x86_64-pc-linux-gnu/8.3.0/:/cvmfs/sft.cern.ch/lcg/releases/gcc/8.3.0-cebb0/x86_64-centos7/bin/../libexec/gcc/:/cvmfs/sft.cern.ch/lcg/releases/gcc/8.3.0-cebb0/x86_64-centos7/
LIBRARY_PATH=/cvmfs/sft.cern.ch/lcg/releases/gcc/8.3.0-cebb0/x86_64-centos7/bin/../lib/gcc/x86_64-pc-linux-gnu/8.3.0/:/cvmfs/sft.cern.ch/lcg/releases/gcc/8.3.0-cebb0/x86_64-centos7/bin/../lib/gcc/:/cvmfs/sft.cern.ch/lcg/releases/gcc/8.3.0-cebb0/x86_64-centos7/bin/../lib/gcc/x86_64-pc-linux-gnu/8.3.0/../../../../lib64/:/lib/../lib64/:/usr/lib/../lib64/:/cvmfs/sft.cern.ch/lcg/releases/gcc/8.3.0-cebb0/x86_64-centos7/bin/../lib/gcc/x86_64-pc-linux-gnu/8.3.0/../../../:/lib/:/usr/lib/
COLLECT_GCC_OPTIONS='-v' '-o' 'CMakeFiles/cmTC_aac18.dir/CMakeCXXCompilerABI.cpp.o' '-c' '-shared-libgcc' '-mtune=generic' '-march=x86-64'
Linking CXX executable cmTC_aac18
/cvmfs/sft.cern.ch/lcg/contrib/CMake/3.14.2/Linux-x86_64/bin/cmake -E cmake_link_script CMakeFiles/cmTC_aac18.dir/link.txt --verbose=1
/cvmfs/sft.cern.ch/lcg/releases/gcc/8.3.0-cebb0/x86_64-centos7/bin/g++      -v CMakeFiles/cmTC_aac18.dir/CMakeCXXCompilerABI.cpp.o  -o cmTC_aac18 
Using built-in specs.
COLLECT_GCC=/cvmfs/sft.cern.ch/lcg/releases/gcc/8.3.0-cebb0/x86_64-centos7/bin/g++
COLLECT_LTO_WRAPPER=/cvmfs/sft.cern.ch/lcg/releases/gcc/8.3.0-cebb0/x86_64-centos7/bin/../libexec/gcc/x86_64-pc-linux-gnu/8.3.0/lto-wrapper
Target: x86_64-pc-linux-gnu
Configured with: /tmp/dkonst/build/contrib/gcc-8.3.0/src/gcc/8.3.0/configure --prefix=/tmp/dkonst/lcgcmake-install/gcc/8.3.0/x86_64-centos7 -with-system-zlib --disable-multilib --enable-languages=all --with-gnu-ld --with-ld=/tmp/dkonst/lcgcmake-install/binutils/2.30/x86_64-centos7/bin/ld --with-gnu-as --with-as=/tmp/dkonst/lcgcmake-install/binutils/2.30/x86_64-centos7/bin/as
Thread model: posix
gcc version 8.3.0 (GCC) 
COMPILER_PATH=/cvmfs/sft.cern.ch/lcg/releases/gcc/8.3.0-cebb0/x86_64-centos7/bin/../libexec/gcc/x86_64-pc-linux-gnu/8.3.0/:/cvmfs/sft.cern.ch/lcg/releases/gcc/8.3.0-cebb0/x86_64-centos7/bin/../libexec/gcc/:/cvmfs/sft.cern.ch/lcg/releases/gcc/8.3.0-cebb0/x86_64-centos7/
LIBRARY_PATH=/cvmfs/sft.cern.ch/lcg/releases/gcc/8.3.0-cebb0/x86_64-centos7/bin/../lib/gcc/x86_64-pc-linux-gnu/8.3.0/:/cvmfs/sft.cern.ch/lcg/releases/gcc/8.3.0-cebb0/x86_64-centos7/bin/../lib/gcc/:/cvmfs/sft.cern.ch/lcg/releases/gcc/8.3.0-cebb0/x86_64-centos7/bin/../lib/gcc/x86_64-pc-linux-gnu/8.3.0/../../../../lib64/:/lib/../lib64/:/usr/lib/../lib64/:/cvmfs/sft.cern.ch/lcg/releases/gcc/8.3.0-cebb0/x86_64-centos7/bin/../lib/gcc/x86_64-pc-linux-gnu/8.3.0/../../../:/lib/:/usr/lib/
COLLECT_GCC_OPTIONS='-v' '-o' 'cmTC_aac18' '-shared-libgcc' '-mtune=generic' '-march=x86-64'
 /cvmfs/sft.cern.ch/lcg/releases/gcc/8.3.0-cebb0/x86_64-centos7/bin/../libexec/gcc/x86_64-pc-linux-gnu/8.3.0/collect2 -plugin /cvmfs/sft.cern.ch/lcg/releases/gcc/8.3.0-cebb0/x86_64-centos7/bin/../libexec/gcc/x86_64-pc-linux-gnu/8.3.0/liblto_plugin.so -plugin-opt=/cvmfs/sft.cern.ch/lcg/releases/gcc/8.3.0-cebb0/x86_64-centos7/bin/../libexec/gcc/x86_64-pc-linux-gnu/8.3.0/lto-wrapper -plugin-opt=-fresolution=/tmp/cc4GKmpZ.res -plugin-opt=-pass-through=-lgcc_s -plugin-opt=-pass-through=-lgcc -plugin-opt=-pass-through=-lc -plugin-opt=-pass-through=-lgcc_s -plugin-opt=-pass-through=-lgcc --eh-frame-hdr -m elf_x86_64 -dynamic-linker /lib64/ld-linux-x86-64.so.2 -o cmTC_aac18 /lib/../lib64/crt1.o /lib/../lib64/crti.o /cvmfs/sft.cern.ch/lcg/releases/gcc/8.3.0-cebb0/x86_64-centos7/bin/../lib/gcc/x86_64-pc-linux-gnu/8.3.0/crtbegin.o -L/cvmfs/sft.cern.ch/lcg/releases/gcc/8.3.0-cebb0/x86_64-centos7/bin/../lib/gcc/x86_64-pc-linux-gnu/8.3.0 -L/cvmfs/sft.cern.ch/lcg/releases/gcc/8.3.0-cebb0/x86_64-centos7/bin/../lib/gcc -L/cvmfs/sft.cern.ch/lcg/releases/gcc/8.3.0-cebb0/x86_64-centos7/bin/../lib/gcc/x86_64-pc-linux-gnu/8.3.0/../../../../lib64 -L/lib/../lib64 -L/usr/lib/../lib64 -L/cvmfs/sft.cern.ch/lcg/releases/gcc/8.3.0-cebb0/x86_64-centos7/bin/../lib/gcc/x86_64-pc-linux-gnu/8.3.0/../../.. CMakeFiles/cmTC_aac18.dir/CMakeCXXCompilerABI.cpp.o -lstdc++ -lm -lgcc_s -lgcc -lc -lgcc_s -lgcc /cvmfs/sft.cern.ch/lcg/releases/gcc/8.3.0-cebb0/x86_64-centos7/bin/../lib/gcc/x86_64-pc-linux-gnu/8.3.0/crtend.o /lib/../lib64/crtn.o
COLLECT_GCC_OPTIONS='-v' '-o' 'cmTC_aac18' '-shared-libgcc' '-mtune=generic' '-march=x86-64'
gmake[1]: Leaving directory `/u/user/changhui/work/BICtest/DRsim/CMakeFiles/CMakeTmp'


Parsed CXX implicit include dir info from above output: rv=done
  found start of include info
  found start of implicit include info
    add: [/cvmfs/sft.cern.ch/lcg/releases/gcc/8.3.0-cebb0/x86_64-centos7/include]
    add: [/cvmfs/sft.cern.ch/lcg/releases/LCG_96b/Boost/1.70.0/x86_64-centos7-gcc8-opt/include]
    add: [.]
    add: [/cvmfs/sft.cern.ch/lcg/releases/gcc/8.3.0-cebb0/x86_64-centos7/bin/../lib/gcc/x86_64-pc-linux-gnu/8.3.0/../../../../include/c++/8.3.0]
    add: [/cvmfs/sft.cern.ch/lcg/releases/gcc/8.3.0-cebb0/x86_64-centos7/bin/../lib/gcc/x86_64-pc-linux-gnu/8.3.0/../../../../include/c++/8.3.0/x86_64-pc-linux-gnu]
    add: [/cvmfs/sft.cern.ch/lcg/releases/gcc/8.3.0-cebb0/x86_64-centos7/bin/../lib/gcc/x86_64-pc-linux-gnu/8.3.0/../../../../include/c++/8.3.0/backward]
    add: [/cvmfs/sft.cern.ch/lcg/releases/gcc/8.3.0-cebb0/x86_64-centos7/bin/../lib/gcc/x86_64-pc-linux-gnu/8.3.0/include]
    add: [/cvmfs/sft.cern.ch/lcg/releases/gcc/8.3.0-cebb0/x86_64-centos7/bin/../lib/gcc/x86_64-pc-linux-gnu/8.3.0/include-fixed]
    add: [/usr/local/include]
    add: [/usr/include]
  end of search list found
  collapse include dir [/cvmfs/sft.cern.ch/lcg/releases/gcc/8.3.0-cebb0/x86_64-centos7/include] ==> [/cvmfs/sft.cern.ch/lcg/releases/gcc/8.3.0-cebb0/x86_64-centos7/include]
  collapse include dir [/cvmfs/sft.cern.ch/lcg/releases/LCG_96b/Boost/1.70.0/x86_64-centos7-gcc8-opt/include] ==> [/cvmfs/sft.cern.ch/lcg/releases/LCG_96b/Boost/1.70.0/x86_64-centos7-gcc8-opt/include]
  skipping relative include dir [.]
  collapse include dir [/cvmfs/sft.cern.ch/lcg/releases/gcc/8.3.0-cebb0/x86_64-centos7/bin/../lib/gcc/x86_64-pc-linux-gnu/8.3.0/../../../../include/c++/8.3.0] ==> [/cvmfs/sft.cern.ch/lcg/releases/gcc/8.3.0-cebb0/x86_64-centos7/include/c++/8.3.0]
  collapse include dir [/cvmfs/sft.cern.ch/lcg/releases/gcc/8.3.0-cebb0/x86_64-centos7/bin/../lib/gcc/x86_64-pc-linux-gnu/8.3.0/../../../../include/c++/8.3.0/x86_64-pc-linux-gnu] ==> [/cvmfs/sft.cern.ch/lcg/releases/gcc/8.3.0-cebb0/x86_64-centos7/include/c++/8.3.0/x86_64-pc-linux-gnu]
  collapse include dir [/cvmfs/sft.cern.ch/lcg/releases/gcc/8.3.0-cebb0/x86_64-centos7/bin/../lib/gcc/x86_64-pc-linux-gnu/8.3.0/../../../../include/c++/8.3.0/backward] ==> [/cvmfs/sft.cern.ch/lcg/releases/gcc/8.3.0-cebb0/x86_64-centos7/include/c++/8.3.0/backward]
  collapse include dir [/cvmfs/sft.cern.ch/lcg/releases/gcc/8.3.0-cebb0/x86_64-centos7/bin/../lib/gcc/x86_64-pc-linux-gnu/8.3.0/include] ==> [/cvmfs/sft.cern.ch/lcg/releases/gcc/8.3.0-cebb0/x86_64-centos7/lib/gcc/x86_64-pc-linux-gnu/8.3.0/include]
  collapse include dir [/cvmfs/sft.cern.ch/lcg/releases/gcc/8.3.0-cebb0/x86_64-centos7/bin/../lib/gcc/x86_64-pc-linux-gnu/8.3.0/include-fixed] ==> [/cvmfs/sft.cern.ch/lcg/releases/gcc/8.3.0-cebb0/x86_64-centos7/lib/gcc/x86_64-pc-linux-gnu/8.3.0/include-fixed]
  collapse include dir [/usr/local/include] ==> [/usr/local/include]
  collapse include dir [/usr/include] ==> [/usr/include]
  implicit include dirs: [/cvmfs/sft.cern.ch/lcg/releases/gcc/8.3.0-cebb0/x86_64-centos7/include;/cvmfs/sft.cern.ch/lcg/releases/LCG_96b/Boost/1.70.0/x86_64-centos7-gcc8-opt/include;/cvmfs/sft.cern.ch/lcg/releases/gcc/8.3.0-cebb0/x86_64-centos7/include/c++/8.3.0;/cvmfs/sft.cern.ch/lcg/releases/gcc/8.3.0-cebb0/x86_64-centos7/include/c++/8.3.0/x86_64-pc-linux-gnu;/cvmfs/sft.cern.ch/lcg/releases/gcc/8.3.0-cebb0/x86_64-centos7/include/c++/8.3.0/backward;/cvmfs/sft.cern.ch/lcg/releases/gcc/8.3.0-cebb0/x86_64-centos7/lib/gcc/x86_64-pc-linux-gnu/8.3.0/include;/cvmfs/sft.cern.ch/lcg/releases/gcc/8.3.0-cebb0/x86_64-centos7/lib/gcc/x86_64-pc-linux-gnu/8.3.0/include-fixed;/usr/local/include;/usr/include]


Parsed CXX implicit link information from above output:
  link line regex: [^( *|.*[/\])(ld|CMAKE_LINK_STARTFILE-NOTFOUND|([^/\]+-)?ld|collect2)[^/\]*( |$)]
  ignore line: [Change Dir: /u/user/changhui/work/BICtest/DRsim/CMakeFiles/CMakeTmp]
  ignore line: []
  ignore line: [Run Build Command(s):/usr/bin/gmake cmTC_aac18/fast ]
  ignore line: [/usr/bin/gmake -f CMakeFiles/cmTC_aac18.dir/build.make CMakeFiles/cmTC_aac18.dir/build]
  ignore line: [gmake[1]: Entering directory `/u/user/changhui/work/BICtest/DRsim/CMakeFiles/CMakeTmp']
  ignore line: [Building CXX object CMakeFiles/cmTC_aac18.dir/CMakeCXXCompilerABI.cpp.o]
  ignore line: [/cvmfs/sft.cern.ch/lcg/releases/gcc/8.3.0-cebb0/x86_64-centos7/bin/g++    -v -o CMakeFiles/cmTC_aac18.dir/CMakeCXXCompilerABI.cpp.o -c /cvmfs/sft.cern.ch/lcg/contrib/CMake/3.14.2/Linux-x86_64/share/cmake-3.14/Modules/CMakeCXXCompilerABI.cpp]
  ignore line: [Using built-in specs.]
  ignore line: [COLLECT_GCC=/cvmfs/sft.cern.ch/lcg/releases/gcc/8.3.0-cebb0/x86_64-centos7/bin/g++]
  ignore line: [Target: x86_64-pc-linux-gnu]
  ignore line: [Configured with: /tmp/dkonst/build/contrib/gcc-8.3.0/src/gcc/8.3.0/configure --prefix=/tmp/dkonst/lcgcmake-install/gcc/8.3.0/x86_64-centos7 -with-system-zlib --disable-multilib --enable-languages=all --with-gnu-ld --with-ld=/tmp/dkonst/lcgcmake-install/binutils/2.30/x86_64-centos7/bin/ld --with-gnu-as --with-as=/tmp/dkonst/lcgcmake-install/binutils/2.30/x86_64-centos7/bin/as]
  ignore line: [Thread model: posix]
  ignore line: [gcc version 8.3.0 (GCC) ]
  ignore line: [COLLECT_GCC_OPTIONS='-v' '-o' 'CMakeFiles/cmTC_aac18.dir/CMakeCXXCompilerABI.cpp.o' '-c' '-shared-libgcc' '-mtune=generic' '-march=x86-64']
  ignore line: [ /cvmfs/sft.cern.ch/lcg/releases/gcc/8.3.0-cebb0/x86_64-centos7/bin/../libexec/gcc/x86_64-pc-linux-gnu/8.3.0/cc1plus -quiet -v -iprefix /cvmfs/sft.cern.ch/lcg/releases/gcc/8.3.0-cebb0/x86_64-centos7/bin/../lib/gcc/x86_64-pc-linux-gnu/8.3.0/ -isystem /cvmfs/sft.cern.ch/lcg/releases/gcc/8.3.0-cebb0/x86_64-centos7/include -D_GNU_SOURCE /cvmfs/sft.cern.ch/lcg/contrib/CMake/3.14.2/Linux-x86_64/share/cmake-3.14/Modules/CMakeCXXCompilerABI.cpp -quiet -dumpbase CMakeCXXCompilerABI.cpp -mtune=generic -march=x86-64 -auxbase-strip CMakeFiles/cmTC_aac18.dir/CMakeCXXCompilerABI.cpp.o -version -o /tmp/ccEgQ4yA.s]
  ignore line: [GNU C++14 (GCC) version 8.3.0 (x86_64-pc-linux-gnu)]
  ignore line: [	compiled by GNU C version 8.3.0, GMP version 6.1.0, MPFR version 3.1.4, MPC version 1.0.3, isl version isl-0.18-GMP]
  ignore line: []
  ignore line: [GGC heuristics: --param ggc-min-expand=100 --param ggc-min-heapsize=131072]
  ignore line: [ignoring nonexistent directory "/cvmfs/sft.cern.ch/lcg/releases/gcc/8.3.0-cebb0/x86_64-centos7/bin/../lib/gcc/x86_64-pc-linux-gnu/8.3.0/../../../../x86_64-pc-linux-gnu/include"]
  ignore line: [ignoring duplicate directory "/cvmfs/sft.cern.ch/lcg/releases/gcc/8.3.0-cebb0/x86_64-centos7/bin/../lib/gcc/../../lib/gcc/x86_64-pc-linux-gnu/8.3.0/../../../../include/c++/8.3.0"]
  ignore line: [ignoring duplicate directory "/cvmfs/sft.cern.ch/lcg/releases/gcc/8.3.0-cebb0/x86_64-centos7/bin/../lib/gcc/../../lib/gcc/x86_64-pc-linux-gnu/8.3.0/../../../../include/c++/8.3.0/x86_64-pc-linux-gnu"]
  ignore line: [ignoring duplicate directory "/cvmfs/sft.cern.ch/lcg/releases/gcc/8.3.0-cebb0/x86_64-centos7/bin/../lib/gcc/../../lib/gcc/x86_64-pc-linux-gnu/8.3.0/../../../../include/c++/8.3.0/backward"]
  ignore line: [ignoring duplicate directory "/cvmfs/sft.cern.ch/lcg/releases/gcc/8.3.0-cebb0/x86_64-centos7/bin/../lib/gcc/../../lib/gcc/x86_64-pc-linux-gnu/8.3.0/include"]
  ignore line: [ignoring duplicate directory "/cvmfs/sft.cern.ch/lcg/releases/gcc/8.3.0-cebb0/x86_64-centos7/bin/../lib/gcc/../../include"]
  ignore line: [ignoring duplicate directory "/cvmfs/sft.cern.ch/lcg/releases/gcc/8.3.0-cebb0/x86_64-centos7/bin/../lib/gcc/../../lib/gcc/x86_64-pc-linux-gnu/8.3.0/include-fixed"]
  ignore line: [ignoring nonexistent directory "/cvmfs/sft.cern.ch/lcg/releases/gcc/8.3.0-cebb0/x86_64-centos7/bin/../lib/gcc/../../lib/gcc/x86_64-pc-linux-gnu/8.3.0/../../../../x86_64-pc-linux-gnu/include"]
  ignore line: [#include "..." search starts here:]
  ignore line: [#include <...> search starts here:]
  ignore line: [ /cvmfs/sft.cern.ch/lcg/releases/gcc/8.3.0-cebb0/x86_64-centos7/include]
  ignore line: [ /cvmfs/sft.cern.ch/lcg/releases/LCG_96b/Boost/1.70.0/x86_64-centos7-gcc8-opt/include]
  ignore line: [ .]
  ignore line: [ /cvmfs/sft.cern.ch/lcg/releases/gcc/8.3.0-cebb0/x86_64-centos7/bin/../lib/gcc/x86_64-pc-linux-gnu/8.3.0/../../../../include/c++/8.3.0]
  ignore line: [ /cvmfs/sft.cern.ch/lcg/releases/gcc/8.3.0-cebb0/x86_64-centos7/bin/../lib/gcc/x86_64-pc-linux-gnu/8.3.0/../../../../include/c++/8.3.0/x86_64-pc-linux-gnu]
  ignore line: [ /cvmfs/sft.cern.ch/lcg/releases/gcc/8.3.0-cebb0/x86_64-centos7/bin/../lib/gcc/x86_64-pc-linux-gnu/8.3.0/../../../../include/c++/8.3.0/backward]
  ignore line: [ /cvmfs/sft.cern.ch/lcg/releases/gcc/8.3.0-cebb0/x86_64-centos7/bin/../lib/gcc/x86_64-pc-linux-gnu/8.3.0/include]
  ignore line: [ /cvmfs/sft.cern.ch/lcg/releases/gcc/8.3.0-cebb0/x86_64-centos7/bin/../lib/gcc/x86_64-pc-linux-gnu/8.3.0/include-fixed]
  ignore line: [ /usr/local/include]
  ignore line: [ /usr/include]
  ignore line: [End of search list.]
  ignore line: [GNU C++14 (GCC) version 8.3.0 (x86_64-pc-linux-gnu)]
  ignore line: [	compiled by GNU C version 8.3.0, GMP version 6.1.0, MPFR version 3.1.4, MPC version 1.0.3, isl version isl-0.18-GMP]
  ignore line: []
  ignore line: [GGC heuristics: --param ggc-min-expand=100 --param ggc-min-heapsize=131072]
  ignore line: [Compiler executable checksum: 10e38d869c22b3e45b98f3c2f1cb2073]
  ignore line: [COLLECT_GCC_OPTIONS='-v' '-o' 'CMakeFiles/cmTC_aac18.dir/CMakeCXXCompilerABI.cpp.o' '-c' '-shared-libgcc' '-mtune=generic' '-march=x86-64']
  ignore line: [ as -v --64 -o CMakeFiles/cmTC_aac18.dir/CMakeCXXCompilerABI.cpp.o /tmp/ccEgQ4yA.s]
  ignore line: [GNU assembler version 2.30 (x86_64-pc-linux-gnu) using BFD version (GNU Binutils) 2.30]
  ignore line: [COMPILER_PATH=/cvmfs/sft.cern.ch/lcg/releases/gcc/8.3.0-cebb0/x86_64-centos7/bin/../libexec/gcc/x86_64-pc-linux-gnu/8.3.0/:/cvmfs/sft.cern.ch/lcg/releases/gcc/8.3.0-cebb0/x86_64-centos7/bin/../libexec/gcc/:/cvmfs/sft.cern.ch/lcg/releases/gcc/8.3.0-cebb0/x86_64-centos7/]
  ignore line: [LIBRARY_PATH=/cvmfs/sft.cern.ch/lcg/releases/gcc/8.3.0-cebb0/x86_64-centos7/bin/../lib/gcc/x86_64-pc-linux-gnu/8.3.0/:/cvmfs/sft.cern.ch/lcg/releases/gcc/8.3.0-cebb0/x86_64-centos7/bin/../lib/gcc/:/cvmfs/sft.cern.ch/lcg/releases/gcc/8.3.0-cebb0/x86_64-centos7/bin/../lib/gcc/x86_64-pc-linux-gnu/8.3.0/../../../../lib64/:/lib/../lib64/:/usr/lib/../lib64/:/cvmfs/sft.cern.ch/lcg/releases/gcc/8.3.0-cebb0/x86_64-centos7/bin/../lib/gcc/x86_64-pc-linux-gnu/8.3.0/../../../:/lib/:/usr/lib/]
  ignore line: [COLLECT_GCC_OPTIONS='-v' '-o' 'CMakeFiles/cmTC_aac18.dir/CMakeCXXCompilerABI.cpp.o' '-c' '-shared-libgcc' '-mtune=generic' '-march=x86-64']
  ignore line: [Linking CXX executable cmTC_aac18]
  ignore line: [/cvmfs/sft.cern.ch/lcg/contrib/CMake/3.14.2/Linux-x86_64/bin/cmake -E cmake_link_script CMakeFiles/cmTC_aac18.dir/link.txt --verbose=1]
  ignore line: [/cvmfs/sft.cern.ch/lcg/releases/gcc/8.3.0-cebb0/x86_64-centos7/bin/g++      -v CMakeFiles/cmTC_aac18.dir/CMakeCXXCompilerABI.cpp.o  -o cmTC_aac18 ]
  ignore line: [Using built-in specs.]
  ignore line: [COLLECT_GCC=/cvmfs/sft.cern.ch/lcg/releases/gcc/8.3.0-cebb0/x86_64-centos7/bin/g++]
  ignore line: [COLLECT_LTO_WRAPPER=/cvmfs/sft.cern.ch/lcg/releases/gcc/8.3.0-cebb0/x86_64-centos7/bin/../libexec/gcc/x86_64-pc-linux-gnu/8.3.0/lto-wrapper]
  ignore line: [Target: x86_64-pc-linux-gnu]
  ignore line: [Configured with: /tmp/dkonst/build/contrib/gcc-8.3.0/src/gcc/8.3.0/configure --prefix=/tmp/dkonst/lcgcmake-install/gcc/8.3.0/x86_64-centos7 -with-system-zlib --disable-multilib --enable-languages=all --with-gnu-ld --with-ld=/tmp/dkonst/lcgcmake-install/binutils/2.30/x86_64-centos7/bin/ld --with-gnu-as --with-as=/tmp/dkonst/lcgcmake-install/binutils/2.30/x86_64-centos7/bin/as]
  ignore line: [Thread model: posix]
  ignore line: [gcc version 8.3.0 (GCC) ]
  ignore line: [COMPILER_PATH=/cvmfs/sft.cern.ch/lcg/releases/gcc/8.3.0-cebb0/x86_64-centos7/bin/../libexec/gcc/x86_64-pc-linux-gnu/8.3.0/:/cvmfs/sft.cern.ch/lcg/releases/gcc/8.3.0-cebb0/x86_64-centos7/bin/../libexec/gcc/:/cvmfs/sft.cern.ch/lcg/releases/gcc/8.3.0-cebb0/x86_64-centos7/]
  ignore line: [LIBRARY_PATH=/cvmfs/sft.cern.ch/lcg/releases/gcc/8.3.0-cebb0/x86_64-centos7/bin/../lib/gcc/x86_64-pc-linux-gnu/8.3.0/:/cvmfs/sft.cern.ch/lcg/releases/gcc/8.3.0-cebb0/x86_64-centos7/bin/../lib/gcc/:/cvmfs/sft.cern.ch/lcg/releases/gcc/8.3.0-cebb0/x86_64-centos7/bin/../lib/gcc/x86_64-pc-linux-gnu/8.3.0/../../../../lib64/:/lib/../lib64/:/usr/lib/../lib64/:/cvmfs/sft.cern.ch/lcg/releases/gcc/8.3.0-cebb0/x86_64-centos7/bin/../lib/gcc/x86_64-pc-linux-gnu/8.3.0/../../../:/lib/:/usr/lib/]
  ignore line: [COLLECT_GCC_OPTIONS='-v' '-o' 'cmTC_aac18' '-shared-libgcc' '-mtune=generic' '-march=x86-64']
  link line: [ /cvmfs/sft.cern.ch/lcg/releases/gcc/8.3.0-cebb0/x86_64-centos7/bin/../libexec/gcc/x86_64-pc-linux-gnu/8.3.0/collect2 -plugin /cvmfs/sft.cern.ch/lcg/releases/gcc/8.3.0-cebb0/x86_64-centos7/bin/../libexec/gcc/x86_64-pc-linux-gnu/8.3.0/liblto_plugin.so -plugin-opt=/cvmfs/sft.cern.ch/lcg/releases/gcc/8.3.0-cebb0/x86_64-centos7/bin/../libexec/gcc/x86_64-pc-linux-gnu/8.3.0/lto-wrapper -plugin-opt=-fresolution=/tmp/cc4GKmpZ.res -plugin-opt=-pass-through=-lgcc_s -plugin-opt=-pass-through=-lgcc -plugin-opt=-pass-through=-lc -plugin-opt=-pass-through=-lgcc_s -plugin-opt=-pass-through=-lgcc --eh-frame-hdr -m elf_x86_64 -dynamic-linker /lib64/ld-linux-x86-64.so.2 -o cmTC_aac18 /lib/../lib64/crt1.o /lib/../lib64/crti.o /cvmfs/sft.cern.ch/lcg/releases/gcc/8.3.0-cebb0/x86_64-centos7/bin/../lib/gcc/x86_64-pc-linux-gnu/8.3.0/crtbegin.o -L/cvmfs/sft.cern.ch/lcg/releases/gcc/8.3.0-cebb0/x86_64-centos7/bin/../lib/gcc/x86_64-pc-linux-gnu/8.3.0 -L/cvmfs/sft.cern.ch/lcg/releases/gcc/8.3.0-cebb0/x86_64-centos7/bin/../lib/gcc -L/cvmfs/sft.cern.ch/lcg/releases/gcc/8.3.0-cebb0/x86_64-centos7/bin/../lib/gcc/x86_64-pc-linux-gnu/8.3.0/../../../../lib64 -L/lib/../lib64 -L/usr/lib/../lib64 -L/cvmfs/sft.cern.ch/lcg/releases/gcc/8.3.0-cebb0/x86_64-centos7/bin/../lib/gcc/x86_64-pc-linux-gnu/8.3.0/../../.. CMakeFiles/cmTC_aac18.dir/CMakeCXXCompilerABI.cpp.o -lstdc++ -lm -lgcc_s -lgcc -lc -lgcc_s -lgcc /cvmfs/sft.cern.ch/lcg/releases/gcc/8.3.0-cebb0/x86_64-centos7/bin/../lib/gcc/x86_64-pc-linux-gnu/8.3.0/crtend.o /lib/../lib64/crtn.o]
    arg [/cvmfs/sft.cern.ch/lcg/releases/gcc/8.3.0-cebb0/x86_64-centos7/bin/../libexec/gcc/x86_64-pc-linux-gnu/8.3.0/collect2] ==> ignore
    arg [-plugin] ==> ignore
    arg [/cvmfs/sft.cern.ch/lcg/releases/gcc/8.3.0-cebb0/x86_64-centos7/bin/../libexec/gcc/x86_64-pc-linux-gnu/8.3.0/liblto_plugin.so] ==> ignore
    arg [-plugin-opt=/cvmfs/sft.cern.ch/lcg/releases/gcc/8.3.0-cebb0/x86_64-centos7/bin/../libexec/gcc/x86_64-pc-linux-gnu/8.3.0/lto-wrapper] ==> ignore
    arg [-plugin-opt=-fresolution=/tmp/cc4GKmpZ.res] ==> ignore
    arg [-plugin-opt=-pass-through=-lgcc_s] ==> ignore
    arg [-plugin-opt=-pass-through=-lgcc] ==> ignore
    arg [-plugin-opt=-pass-through=-lc] ==> ignore
    arg [-plugin-opt=-pass-through=-lgcc_s] ==> ignore
    arg [-plugin-opt=-pass-through=-lgcc] ==> ignore
    arg [--eh-frame-hdr] ==> ignore
    arg [-m] ==> ignore
    arg [elf_x86_64] ==> ignore
    arg [-dynamic-linker] ==> ignore
    arg [/lib64/ld-linux-x86-64.so.2] ==> ignore
    arg [-o] ==> ignore
    arg [cmTC_aac18] ==> ignore
    arg [/lib/../lib64/crt1.o] ==> ignore
    arg [/lib/../lib64/crti.o] ==> ignore
    arg [/cvmfs/sft.cern.ch/lcg/releases/gcc/8.3.0-cebb0/x86_64-centos7/bin/../lib/gcc/x86_64-pc-linux-gnu/8.3.0/crtbegin.o] ==> ignore
    arg [-L/cvmfs/sft.cern.ch/lcg/releases/gcc/8.3.0-cebb0/x86_64-centos7/bin/../lib/gcc/x86_64-pc-linux-gnu/8.3.0] ==> dir [/cvmfs/sft.cern.ch/lcg/releases/gcc/8.3.0-cebb0/x86_64-centos7/bin/../lib/gcc/x86_64-pc-linux-gnu/8.3.0]
    arg [-L/cvmfs/sft.cern.ch/lcg/releases/gcc/8.3.0-cebb0/x86_64-centos7/bin/../lib/gcc] ==> dir [/cvmfs/sft.cern.ch/lcg/releases/gcc/8.3.0-cebb0/x86_64-centos7/bin/../lib/gcc]
    arg [-L/cvmfs/sft.cern.ch/lcg/releases/gcc/8.3.0-cebb0/x86_64-centos7/bin/../lib/gcc/x86_64-pc-linux-gnu/8.3.0/../../../../lib64] ==> dir [/cvmfs/sft.cern.ch/lcg/releases/gcc/8.3.0-cebb0/x86_64-centos7/bin/../lib/gcc/x86_64-pc-linux-gnu/8.3.0/../../../../lib64]
    arg [-L/lib/../lib64] ==> dir [/lib/../lib64]
    arg [-L/usr/lib/../lib64] ==> dir [/usr/lib/../lib64]
    arg [-L/cvmfs/sft.cern.ch/lcg/releases/gcc/8.3.0-cebb0/x86_64-centos7/bin/../lib/gcc/x86_64-pc-linux-gnu/8.3.0/../../..] ==> dir [/cvmfs/sft.cern.ch/lcg/releases/gcc/8.3.0-cebb0/x86_64-centos7/bin/../lib/gcc/x86_64-pc-linux-gnu/8.3.0/../../..]
    arg [CMakeFiles/cmTC_aac18.dir/CMakeCXXCompilerABI.cpp.o] ==> ignore
    arg [-lstdc++] ==> lib [stdc++]
    arg [-lm] ==> lib [m]
    arg [-lgcc_s] ==> lib [gcc_s]
    arg [-lgcc] ==> lib [gcc]
    arg [-lc] ==> lib [c]
    arg [-lgcc_s] ==> lib [gcc_s]
    arg [-lgcc] ==> lib [gcc]
    arg [/cvmfs/sft.cern.ch/lcg/releases/gcc/8.3.0-cebb0/x86_64-centos7/bin/../lib/gcc/x86_64-pc-linux-gnu/8.3.0/crtend.o] ==> ignore
    arg [/lib/../lib64/crtn.o] ==> ignore
  collapse library dir [/cvmfs/sft.cern.ch/lcg/releases/gcc/8.3.0-cebb0/x86_64-centos7/bin/../lib/gcc/x86_64-pc-linux-gnu/8.3.0] ==> [/cvmfs/sft.cern.ch/lcg/releases/gcc/8.3.0-cebb0/x86_64-centos7/lib/gcc/x86_64-pc-linux-gnu/8.3.0]
  collapse library dir [/cvmfs/sft.cern.ch/lcg/releases/gcc/8.3.0-cebb0/x86_64-centos7/bin/../lib/gcc] ==> [/cvmfs/sft.cern.ch/lcg/releases/gcc/8.3.0-cebb0/x86_64-centos7/lib/gcc]
  collapse library dir [/cvmfs/sft.cern.ch/lcg/releases/gcc/8.3.0-cebb0/x86_64-centos7/bin/../lib/gcc/x86_64-pc-linux-gnu/8.3.0/../../../../lib64] ==> [/cvmfs/sft.cern.ch/lcg/releases/gcc/8.3.0-cebb0/x86_64-centos7/lib64]
  collapse library dir [/lib/../lib64] ==> [/lib64]
  collapse library dir [/usr/lib/../lib64] ==> [/usr/lib64]
  collapse library dir [/cvmfs/sft.cern.ch/lcg/releases/gcc/8.3.0-cebb0/x86_64-centos7/bin/../lib/gcc/x86_64-pc-linux-gnu/8.3.0/../../..] ==> [/cvmfs/sft.cern.ch/lcg/releases/gcc/8.3.0-cebb0/x86_64-centos7/lib]
  implicit libs: [stdc++;m;gcc_s;gcc;c;gcc_s;gcc]
  implicit dirs: [/cvmfs/sft.cern.ch/lcg/releases/gcc/8.3.0-cebb0/x86_64-centos7/lib/gcc/x86_64-pc-linux-gnu/8.3.0;/cvmfs/sft.cern.ch/lcg/releases/gcc/8.3.0-cebb0/x86_64-centos7/lib/gcc;/cvmfs/sft.cern.ch/lcg/releases/gcc/8.3.0-cebb0/x86_64-centos7/lib64;/lib64;/usr/lib64;/cvmfs/sft.cern.ch/lcg/releases/gcc/8.3.0-cebb0/x86_64-centos7/lib]
  implicit fwks: []




Detecting CXX [-std=c++2a] compiler features compiled with the following output:
Change Dir: /u/user/changhui/work/BICtest/DRsim/CMakeFiles/CMakeTmp

Run Build Command(s):/usr/bin/gmake cmTC_cfeae/fast 
/usr/bin/gmake -f CMakeFiles/cmTC_cfeae.dir/build.make CMakeFiles/cmTC_cfeae.dir/build
gmake[1]: Entering directory `/u/user/changhui/work/BICtest/DRsim/CMakeFiles/CMakeTmp'
Building CXX object CMakeFiles/cmTC_cfeae.dir/feature_tests.cxx.o
/cvmfs/sft.cern.ch/lcg/releases/gcc/8.3.0-cebb0/x86_64-centos7/bin/g++    -std=c++2a -o CMakeFiles/cmTC_cfeae.dir/feature_tests.cxx.o -c /u/user/changhui/work/BICtest/DRsim/CMakeFiles/feature_tests.cxx
Linking CXX executable cmTC_cfeae
/cvmfs/sft.cern.ch/lcg/contrib/CMake/3.14.2/Linux-x86_64/bin/cmake -E cmake_link_script CMakeFiles/cmTC_cfeae.dir/link.txt --verbose=1
/cvmfs/sft.cern.ch/lcg/releases/gcc/8.3.0-cebb0/x86_64-centos7/bin/g++       CMakeFiles/cmTC_cfeae.dir/feature_tests.cxx.o  -o cmTC_cfeae 
gmake[1]: Leaving directory `/u/user/changhui/work/BICtest/DRsim/CMakeFiles/CMakeTmp'


    Feature record: CXX_FEATURE:1cxx_aggregate_default_initializers
    Feature record: CXX_FEATURE:1cxx_alias_templates
    Feature record: CXX_FEATURE:1cxx_alignas
    Feature record: CXX_FEATURE:1cxx_alignof
    Feature record: CXX_FEATURE:1cxx_attributes
    Feature record: CXX_FEATURE:1cxx_attribute_deprecated
    Feature record: CXX_FEATURE:1cxx_auto_type
    Feature record: CXX_FEATURE:1cxx_binary_literals
    Feature record: CXX_FEATURE:1cxx_constexpr
    Feature record: CXX_FEATURE:1cxx_contextual_conversions
    Feature record: CXX_FEATURE:1cxx_decltype
    Feature record: CXX_FEATURE:1cxx_decltype_auto
    Feature record: CXX_FEATURE:1cxx_decltype_incomplete_return_types
    Feature record: CXX_FEATURE:1cxx_default_function_template_args
    Feature record: CXX_FEATURE:1cxx_defaulted_functions
    Feature record: CXX_FEATURE:1cxx_defaulted_move_initializers
    Feature record: CXX_FEATURE:1cxx_delegating_constructors
    Feature record: CXX_FEATURE:1cxx_deleted_functions
    Feature record: CXX_FEATURE:1cxx_digit_separators
    Feature record: CXX_FEATURE:1cxx_enum_forward_declarations
    Feature record: CXX_FEATURE:1cxx_explicit_conversions
    Feature record: CXX_FEATURE:1cxx_extended_friend_declarations
    Feature record: CXX_FEATURE:1cxx_extern_templates
    Feature record: CXX_FEATURE:1cxx_final
    Feature record: CXX_FEATURE:1cxx_func_identifier
    Feature record: CXX_FEATURE:1cxx_generalized_initializers
    Feature record: CXX_FEATURE:1cxx_generic_lambdas
    Feature record: CXX_FEATURE:1cxx_inheriting_constructors
    Feature record: CXX_FEATURE:1cxx_inline_namespaces
    Feature record: CXX_FEATURE:1cxx_lambdas
    Feature record: CXX_FEATURE:1cxx_lambda_init_captures
    Feature record: CXX_FEATURE:1cxx_local_type_template_args
    Feature record: CXX_FEATURE:1cxx_long_long_type
    Feature record: CXX_FEATURE:1cxx_noexcept
    Feature record: CXX_FEATURE:1cxx_nonstatic_member_init
    Feature record: CXX_FEATURE:1cxx_nullptr
    Feature record: CXX_FEATURE:1cxx_override
    Feature record: CXX_FEATURE:1cxx_range_for
    Feature record: CXX_FEATURE:1cxx_raw_string_literals
    Feature record: CXX_FEATURE:1cxx_reference_qualified_functions
    Feature record: CXX_FEATURE:1cxx_relaxed_constexpr
    Feature record: CXX_FEATURE:1cxx_return_type_deduction
    Feature record: CXX_FEATURE:1cxx_right_angle_brackets
    Feature record: CXX_FEATURE:1cxx_rvalue_references
    Feature record: CXX_FEATURE:1cxx_sizeof_member
    Feature record: CXX_FEATURE:1cxx_static_assert
    Feature record: CXX_FEATURE:1cxx_strong_enums
    Feature record: CXX_FEATURE:1cxx_template_template_parameters
    Feature record: CXX_FEATURE:1cxx_thread_local
    Feature record: CXX_FEATURE:1cxx_trailing_return_types
    Feature record: CXX_FEATURE:1cxx_unicode_literals
    Feature record: CXX_FEATURE:1cxx_uniform_initialization
    Feature record: CXX_FEATURE:1cxx_unrestricted_unions
    Feature record: CXX_FEATURE:1cxx_user_literals
    Feature record: CXX_FEATURE:1cxx_variable_templates
    Feature record: CXX_FEATURE:1cxx_variadic_macros
    Feature record: CXX_FEATURE:1cxx_variadic_templates


Detecting CXX [-std=c++17] compiler features compiled with the following output:
Change Dir: /u/user/changhui/work/BICtest/DRsim/CMakeFiles/CMakeTmp

Run Build Command(s):/usr/bin/gmake cmTC_66430/fast 
/usr/bin/gmake -f CMakeFiles/cmTC_66430.dir/build.make CMakeFiles/cmTC_66430.dir/build
gmake[1]: Entering directory `/u/user/changhui/work/BICtest/DRsim/CMakeFiles/CMakeTmp'
Building CXX object CMakeFiles/cmTC_66430.dir/feature_tests.cxx.o
/cvmfs/sft.cern.ch/lcg/releases/gcc/8.3.0-cebb0/x86_64-centos7/bin/g++    -std=c++17 -o CMakeFiles/cmTC_66430.dir/feature_tests.cxx.o -c /u/user/changhui/work/BICtest/DRsim/CMakeFiles/feature_tests.cxx
Linking CXX executable cmTC_66430
/cvmfs/sft.cern.ch/lcg/contrib/CMake/3.14.2/Linux-x86_64/bin/cmake -E cmake_link_script CMakeFiles/cmTC_66430.dir/link.txt --verbose=1
/cvmfs/sft.cern.ch/lcg/releases/gcc/8.3.0-cebb0/x86_64-centos7/bin/g++       CMakeFiles/cmTC_66430.dir/feature_tests.cxx.o  -o cmTC_66430 
gmake[1]: Leaving directory `/u/user/changhui/work/BICtest/DRsim/CMakeFiles/CMakeTmp'


    Feature record: CXX_FEATURE:1cxx_aggregate_default_initializers
    Feature record: CXX_FEATURE:1cxx_alias_templates
    Feature record: CXX_FEATURE:1cxx_alignas
    Feature record: CXX_FEATURE:1cxx_alignof
    Feature record: CXX_FEATURE:1cxx_attributes
    Feature record: CXX_FEATURE:1cxx_attribute_deprecated
    Feature record: CXX_FEATURE:1cxx_auto_type
    Feature record: CXX_FEATURE:1cxx_binary_literals
    Feature record: CXX_FEATURE:1cxx_constexpr
    Feature record: CXX_FEATURE:1cxx_contextual_conversions
    Feature record: CXX_FEATURE:1cxx_decltype
    Feature record: CXX_FEATURE:1cxx_decltype_auto
    Feature record: CXX_FEATURE:1cxx_decltype_incomplete_return_types
    Feature record: CXX_FEATURE:1cxx_default_function_template_args
    Feature record: CXX_FEATURE:1cxx_defaulted_functions
    Feature record: CXX_FEATURE:1cxx_defaulted_move_initializers
    Feature record: CXX_FEATURE:1cxx_delegating_constructors
    Feature record: CXX_FEATURE:1cxx_deleted_functions
    Feature record: CXX_FEATURE:1cxx_digit_separators
    Feature record: CXX_FEATURE:1cxx_enum_forward_declarations
    Feature record: CXX_FEATURE:1cxx_explicit_conversions
    Feature record: CXX_FEATURE:1cxx_extended_friend_declarations
    Feature record: CXX_FEATURE:1cxx_extern_templates
    Feature record: CXX_FEATURE:1cxx_final
    Feature record: CXX_FEATURE:1cxx_func_identifier
    Feature record: CXX_FEATURE:1cxx_generalized_initializers
    Feature record: CXX_FEATURE:1cxx_generic_lambdas
    Feature record: CXX_FEATURE:1cxx_inheriting_constructors
    Feature record: CXX_FEATURE:1cxx_inline_namespaces
    Feature record: CXX_FEATURE:1cxx_lambdas
    Feature record: CXX_FEATURE:1cxx_lambda_init_captures
    Feature record: CXX_FEATURE:1cxx_local_type_template_args
    Feature record: CXX_FEATURE:1cxx_long_long_type
    Feature record: CXX_FEATURE:1cxx_noexcept
    Feature record: CXX_FEATURE:1cxx_nonstatic_member_init
    Feature record: CXX_FEATURE:1cxx_nullptr
    Feature record: CXX_FEATURE:1cxx_override
    Feature record: CXX_FEATURE:1cxx_range_for
    Feature record: CXX_FEATURE:1cxx_raw_string_literals
    Feature record: CXX_FEATURE:1cxx_reference_qualified_functions
    Feature record: CXX_FEATURE:1cxx_relaxed_constexpr
    Feature record: CXX_FEATURE:1cxx_return_type_deduction
    Feature record: CXX_FEATURE:1cxx_right_angle_brackets
    Feature record: CXX_FEATURE:1cxx_rvalue_references
    Feature record: CXX_FEATURE:1cxx_sizeof_member
    Feature record: CXX_FEATURE:1cxx_static_assert
    Feature record: CXX_FEATURE:1cxx_strong_enums
    Feature record: CXX_FEATURE:1cxx_template_template_parameters
    Feature record: CXX_FEATURE:1cxx_thread_local
    Feature record: CXX_FEATURE:1cxx_trailing_return_types
    Feature record: CXX_FEATURE:1cxx_unicode_literals
    Feature record: CXX_FEATURE:1cxx_uniform_initialization
    Feature record: CXX_FEATURE:1cxx_unrestricted_unions
    Feature record: CXX_FEATURE:1cxx_user_literals
    Feature record: CXX_FEATURE:1cxx_variable_templates
    Feature record: CXX_FEATURE:1cxx_variadic_macros
    Feature record: CXX_FEATURE:1cxx_variadic_templates


Detecting CXX [-std=c++14] compiler features compiled with the following output:
Change Dir: /u/user/changhui/work/BICtest/DRsim/CMakeFiles/CMakeTmp

Run Build Command(s):/usr/bin/gmake cmTC_1fe21/fast 
/usr/bin/gmake -f CMakeFiles/cmTC_1fe21.dir/build.make CMakeFiles/cmTC_1fe21.dir/build
gmake[1]: Entering directory `/u/user/changhui/work/BICtest/DRsim/CMakeFiles/CMakeTmp'
Building CXX object CMakeFiles/cmTC_1fe21.dir/feature_tests.cxx.o
/cvmfs/sft.cern.ch/lcg/releases/gcc/8.3.0-cebb0/x86_64-centos7/bin/g++    -std=c++14 -o CMakeFiles/cmTC_1fe21.dir/feature_tests.cxx.o -c /u/user/changhui/work/BICtest/DRsim/CMakeFiles/feature_tests.cxx
Linking CXX executable cmTC_1fe21
/cvmfs/sft.cern.ch/lcg/contrib/CMake/3.14.2/Linux-x86_64/bin/cmake -E cmake_link_script CMakeFiles/cmTC_1fe21.dir/link.txt --verbose=1
/cvmfs/sft.cern.ch/lcg/releases/gcc/8.3.0-cebb0/x86_64-centos7/bin/g++       CMakeFiles/cmTC_1fe21.dir/feature_tests.cxx.o  -o cmTC_1fe21 
gmake[1]: Leaving directory `/u/user/changhui/work/BICtest/DRsim/CMakeFiles/CMakeTmp'


    Feature record: CXX_FEATURE:1cxx_aggregate_default_initializers
    Feature record: CXX_FEATURE:1cxx_alias_templates
    Feature record: CXX_FEATURE:1cxx_alignas
    Feature record: CXX_FEATURE:1cxx_alignof
    Feature record: CXX_FEATURE:1cxx_attributes
    Feature record: CXX_FEATURE:1cxx_attribute_deprecated
    Feature record: CXX_FEATURE:1cxx_auto_type
    Feature record: CXX_FEATURE:1cxx_binary_literals
    Feature record: CXX_FEATURE:1cxx_constexpr
    Feature record: CXX_FEATURE:1cxx_contextual_conversions
    Feature record: CXX_FEATURE:1cxx_decltype
    Feature record: CXX_FEATURE:1cxx_decltype_auto
    Feature record: CXX_FEATURE:1cxx_decltype_incomplete_return_types
    Feature record: CXX_FEATURE:1cxx_default_function_template_args
    Feature record: CXX_FEATURE:1cxx_defaulted_functions
    Feature record: CXX_FEATURE:1cxx_defaulted_move_initializers
    Feature record: CXX_FEATURE:1cxx_delegating_constructors
    Feature record: CXX_FEATURE:1cxx_deleted_functions
    Feature record: CXX_FEATURE:1cxx_digit_separators
    Feature record: CXX_FEATURE:1cxx_enum_forward_declarations
    Feature record: CXX_FEATURE:1cxx_explicit_conversions
    Feature record: CXX_FEATURE:1cxx_extended_friend_declarations
    Feature record: CXX_FEATURE:1cxx_extern_templates
    Feature record: CXX_FEATURE:1cxx_final
    Feature record: CXX_FEATURE:1cxx_func_identifier
    Feature record: CXX_FEATURE:1cxx_generalized_initializers
    Feature record: CXX_FEATURE:1cxx_generic_lambdas
    Feature record: CXX_FEATURE:1cxx_inheriting_constructors
    Feature record: CXX_FEATURE:1cxx_inline_namespaces
    Feature record: CXX_FEATURE:1cxx_lambdas
    Feature record: CXX_FEATURE:1cxx_lambda_init_captures
    Feature record: CXX_FEATURE:1cxx_local_type_template_args
    Feature record: CXX_FEATURE:1cxx_long_long_type
    Feature record: CXX_FEATURE:1cxx_noexcept
    Feature record: CXX_FEATURE:1cxx_nonstatic_member_init
    Feature record: CXX_FEATURE:1cxx_nullptr
    Feature record: CXX_FEATURE:1cxx_override
    Feature record: CXX_FEATURE:1cxx_range_for
    Feature record: CXX_FEATURE:1cxx_raw_string_literals
    Feature record: CXX_FEATURE:1cxx_reference_qualified_functions
    Feature record: CXX_FEATURE:1cxx_relaxed_constexpr
    Feature record: CXX_FEATURE:1cxx_return_type_deduction
    Feature record: CXX_FEATURE:1cxx_right_angle_brackets
    Feature record: CXX_FEATURE:1cxx_rvalue_references
    Feature record: CXX_FEATURE:1cxx_sizeof_member
    Feature record: CXX_FEATURE:1cxx_static_assert
    Feature record: CXX_FEATURE:1cxx_strong_enums
    Feature record: CXX_FEATURE:1cxx_template_template_parameters
    Feature record: CXX_FEATURE:1cxx_thread_local
    Feature record: CXX_FEATURE:1cxx_trailing_return_types
    Feature record: CXX_FEATURE:1cxx_unicode_literals
    Feature record: CXX_FEATURE:1cxx_uniform_initialization
    Feature record: CXX_FEATURE:1cxx_unrestricted_unions
    Feature record: CXX_FEATURE:1cxx_user_literals
    Feature record: CXX_FEATURE:1cxx_variable_templates
    Feature record: CXX_FEATURE:1cxx_variadic_macros
    Feature record: CXX_FEATURE:1cxx_variadic_templates


Detecting CXX [-std=c++11] compiler features compiled with the following output:
Change Dir: /u/user/changhui/work/BICtest/DRsim/CMakeFiles/CMakeTmp

Run Build Command(s):/usr/bin/gmake cmTC_b2692/fast 
/usr/bin/gmake -f CMakeFiles/cmTC_b2692.dir/build.make CMakeFiles/cmTC_b2692.dir/build
gmake[1]: Entering directory `/u/user/changhui/work/BICtest/DRsim/CMakeFiles/CMakeTmp'
Building CXX object CMakeFiles/cmTC_b2692.dir/feature_tests.cxx.o
/cvmfs/sft.cern.ch/lcg/releases/gcc/8.3.0-cebb0/x86_64-centos7/bin/g++    -std=c++11 -o CMakeFiles/cmTC_b2692.dir/feature_tests.cxx.o -c /u/user/changhui/work/BICtest/DRsim/CMakeFiles/feature_tests.cxx
Linking CXX executable cmTC_b2692
/cvmfs/sft.cern.ch/lcg/contrib/CMake/3.14.2/Linux-x86_64/bin/cmake -E cmake_link_script CMakeFiles/cmTC_b2692.dir/link.txt --verbose=1
/cvmfs/sft.cern.ch/lcg/releases/gcc/8.3.0-cebb0/x86_64-centos7/bin/g++       CMakeFiles/cmTC_b2692.dir/feature_tests.cxx.o  -o cmTC_b2692 
gmake[1]: Leaving directory `/u/user/changhui/work/BICtest/DRsim/CMakeFiles/CMakeTmp'


    Feature record: CXX_FEATURE:0cxx_aggregate_default_initializers
    Feature record: CXX_FEATURE:1cxx_alias_templates
    Feature record: CXX_FEATURE:1cxx_alignas
    Feature record: CXX_FEATURE:1cxx_alignof
    Feature record: CXX_FEATURE:1cxx_attributes
    Feature record: CXX_FEATURE:0cxx_attribute_deprecated
    Feature record: CXX_FEATURE:1cxx_auto_type
    Feature record: CXX_FEATURE:0cxx_binary_literals
    Feature record: CXX_FEATURE:1cxx_constexpr
    Feature record: CXX_FEATURE:0cxx_contextual_conversions
    Feature record: CXX_FEATURE:1cxx_decltype
    Feature record: CXX_FEATURE:0cxx_decltype_auto
    Feature record: CXX_FEATURE:1cxx_decltype_incomplete_return_types
    Feature record: CXX_FEATURE:1cxx_default_function_template_args
    Feature record: CXX_FEATURE:1cxx_defaulted_functions
    Feature record: CXX_FEATURE:1cxx_defaulted_move_initializers
    Feature record: CXX_FEATURE:1cxx_delegating_constructors
    Feature record: CXX_FEATURE:1cxx_deleted_functions
    Feature record: CXX_FEATURE:0cxx_digit_separators
    Feature record: CXX_FEATURE:1cxx_enum_forward_declarations
    Feature record: CXX_FEATURE:1cxx_explicit_conversions
    Feature record: CXX_FEATURE:1cxx_extended_friend_declarations
    Feature record: CXX_FEATURE:1cxx_extern_templates
    Feature record: CXX_FEATURE:1cxx_final
    Feature record: CXX_FEATURE:1cxx_func_identifier
    Feature record: CXX_FEATURE:1cxx_generalized_initializers
    Feature record: CXX_FEATURE:0cxx_generic_lambdas
    Feature record: CXX_FEATURE:1cxx_inheriting_constructors
    Feature record: CXX_FEATURE:1cxx_inline_namespaces
    Feature record: CXX_FEATURE:1cxx_lambdas
    Feature record: CXX_FEATURE:0cxx_lambda_init_captures
    Feature record: CXX_FEATURE:1cxx_local_type_template_args
    Feature record: CXX_FEATURE:1cxx_long_long_type
    Feature record: CXX_FEATURE:1cxx_noexcept
    Feature record: CXX_FEATURE:1cxx_nonstatic_member_init
    Feature record: CXX_FEATURE:1cxx_nullptr
    Feature record: CXX_FEATURE:1cxx_override
    Feature record: CXX_FEATURE:1cxx_range_for
    Feature record: CXX_FEATURE:1cxx_raw_string_literals
    Feature record: CXX_FEATURE:1cxx_reference_qualified_functions
    Feature record: CXX_FEATURE:0cxx_relaxed_constexpr
    Feature record: CXX_FEATURE:0cxx_return_type_deduction
    Feature record: CXX_FEATURE:1cxx_right_angle_brackets
    Feature record: CXX_FEATURE:1cxx_rvalue_references
    Feature record: CXX_FEATURE:1cxx_sizeof_member
    Feature record: CXX_FEATURE:1cxx_static_assert
    Feature record: CXX_FEATURE:1cxx_strong_enums
    Feature record: CXX_FEATURE:1cxx_template_template_parameters
    Feature record: CXX_FEATURE:1cxx_thread_local
    Feature record: CXX_FEATURE:1cxx_trailing_return_types
    Feature record: CXX_FEATURE:1cxx_unicode_literals
    Feature record: CXX_FEATURE:1cxx_uniform_initialization
    Feature record: CXX_FEATURE:1cxx_unrestricted_unions
    Feature record: CXX_FEATURE:1cxx_user_literals
    Feature record: CXX_FEATURE:0cxx_variable_templates
    Feature record: CXX_FEATURE:1cxx_variadic_macros
    Feature record: CXX_FEATURE:1cxx_variadic_templates


Detecting CXX [-std=c++98] compiler features compiled with the following output:
Change Dir: /u/user/changhui/work/BICtest/DRsim/CMakeFiles/CMakeTmp

Run Build Command(s):/usr/bin/gmake cmTC_8c28c/fast 
/usr/bin/gmake -f CMakeFiles/cmTC_8c28c.dir/build.make CMakeFiles/cmTC_8c28c.dir/build
gmake[1]: Entering directory `/u/user/changhui/work/BICtest/DRsim/CMakeFiles/CMakeTmp'
Building CXX object CMakeFiles/cmTC_8c28c.dir/feature_tests.cxx.o
/cvmfs/sft.cern.ch/lcg/releases/gcc/8.3.0-cebb0/x86_64-centos7/bin/g++    -std=c++98 -o CMakeFiles/cmTC_8c28c.dir/feature_tests.cxx.o -c /u/user/changhui/work/BICtest/DRsim/CMakeFiles/feature_tests.cxx
Linking CXX executable cmTC_8c28c
/cvmfs/sft.cern.ch/lcg/contrib/CMake/3.14.2/Linux-x86_64/bin/cmake -E cmake_link_script CMakeFiles/cmTC_8c28c.dir/link.txt --verbose=1
/cvmfs/sft.cern.ch/lcg/releases/gcc/8.3.0-cebb0/x86_64-centos7/bin/g++       CMakeFiles/cmTC_8c28c.dir/feature_tests.cxx.o  -o cmTC_8c28c 
gmake[1]: Leaving directory `/u/user/changhui/work/BICtest/DRsim/CMakeFiles/CMakeTmp'


    Feature record: CXX_FEATURE:0cxx_aggregate_default_initializers
    Feature record: CXX_FEATURE:0cxx_alias_templates
    Feature record: CXX_FEATURE:0cxx_alignas
    Feature record: CXX_FEATURE:0cxx_alignof
    Feature record: CXX_FEATURE:0cxx_attributes
    Feature record: CXX_FEATURE:0cxx_attribute_deprecated
    Feature record: CXX_FEATURE:0cxx_auto_type
    Feature record: CXX_FEATURE:0cxx_binary_literals
    Feature record: CXX_FEATURE:0cxx_constexpr
    Feature record: CXX_FEATURE:0cxx_contextual_conversions
    Feature record: CXX_FEATURE:0cxx_decltype
    Feature record: CXX_FEATURE:0cxx_decltype_auto
    Feature record: CXX_FEATURE:0cxx_decltype_incomplete_return_types
    Feature record: CXX_FEATURE:0cxx_default_function_template_args
    Feature record: CXX_FEATURE:0cxx_defaulted_functions
    Feature record: CXX_FEATURE:0cxx_defaulted_move_initializers
    Feature record: CXX_FEATURE:0cxx_delegating_constructors
    Feature record: CXX_FEATURE:0cxx_deleted_functions
    Feature record: CXX_FEATURE:0cxx_digit_separators
    Feature record: CXX_FEATURE:0cxx_enum_forward_declarations
    Feature record: CXX_FEATURE:0cxx_explicit_conversions
    Feature record: CXX_FEATURE:0cxx_extended_friend_declarations
    Feature record: CXX_FEATURE:0cxx_extern_templates
    Feature record: CXX_FEATURE:0cxx_final
    Feature record: CXX_FEATURE:0cxx_func_identifier
    Feature record: CXX_FEATURE:0cxx_generalized_initializers
    Feature record: CXX_FEATURE:0cxx_generic_lambdas
    Feature record: CXX_FEATURE:0cxx_inheriting_constructors
    Feature record: CXX_FEATURE:0cxx_inline_namespaces
    Feature record: CXX_FEATURE:0cxx_lambdas
    Feature record: CXX_FEATURE:0cxx_lambda_init_captures
    Feature record: CXX_FEATURE:0cxx_local_type_template_args
    Feature record: CXX_FEATURE:0cxx_long_long_type
    Feature record: CXX_FEATURE:0cxx_noexcept
    Feature record: CXX_FEATURE:0cxx_nonstatic_member_init
    Feature record: CXX_FEATURE:0cxx_nullptr
    Feature record: CXX_FEATURE:0cxx_override
    Feature record: CXX_FEATURE:0cxx_range_for
    Feature record: CXX_FEATURE:0cxx_raw_string_literals
    Feature record: CXX_FEATURE:0cxx_reference_qualified_functions
    Feature record: CXX_FEATURE:0cxx_relaxed_constexpr
    Feature record: CXX_FEATURE:0cxx_return_type_deduction
    Feature record: CXX_FEATURE:0cxx_right_angle_brackets
    Feature record: CXX_FEATURE:0cxx_rvalue_references
    Feature record: CXX_FEATURE:0cxx_sizeof_member
    Feature record: CXX_FEATURE:0cxx_static_assert
    Feature record: CXX_FEATURE:0cxx_strong_enums
    Feature record: CXX_FEATURE:1cxx_template_template_parameters
    Feature record: CXX_FEATURE:0cxx_thread_local
    Feature record: CXX_FEATURE:0cxx_trailing_return_types
    Feature record: CXX_FEATURE:0cxx_unicode_literals
    Feature record: CXX_FEATURE:0cxx_uniform_initialization
    Feature record: CXX_FEATURE:0cxx_unrestricted_unions
    Feature record: CXX_FEATURE:0cxx_user_literals
    Feature record: CXX_FEATURE:0cxx_variable_templates
    Feature record: CXX_FEATURE:0cxx_variadic_macros
    Feature record: CXX_FEATURE:0cxx_variadic_templates
